# ************************************************************
# Sequel Ace SQL dump
# Version 20029
#
# https://sequel-ace.com/
# https://github.com/Sequel-Ace/Sequel-Ace
#
# Host: localhost (MySQL 8.0.28)
# Database: db_name
# Generation Time: 2022-04-06 20:42:48 +0000
# ************************************************************


/*!40101 SET @OLD_CHARACTER_SET_CLIENT=@@CHARACTER_SET_CLIENT */;
/*!40101 SET @OLD_CHARACTER_SET_RESULTS=@@CHARACTER_SET_RESULTS */;
/*!40101 SET @OLD_COLLATION_CONNECTION=@@COLLATION_CONNECTION */;
SET NAMES utf8mb4;
/*!40014 SET @OLD_FOREIGN_KEY_CHECKS=@@FOREIGN_KEY_CHECKS, FOREIGN_KEY_CHECKS=0 */;
/*!40101 SET @OLD_SQL_MODE='NO_AUTO_VALUE_ON_ZERO', SQL_MODE='NO_AUTO_VALUE_ON_ZERO' */;
/*!40111 SET @OLD_SQL_NOTES=@@SQL_NOTES, SQL_NOTES=0 */;


# Dump of table doctrine_migration_versions
# ------------------------------------------------------------

DROP TABLE IF EXISTS `doctrine_migration_versions`;

CREATE TABLE `doctrine_migration_versions` (
  `version` varchar(191) COLLATE utf8_unicode_ci NOT NULL,
  `executed_at` datetime DEFAULT NULL,
  `execution_time` int DEFAULT NULL,
  PRIMARY KEY (`version`)
) ENGINE=InnoDB DEFAULT CHARSET=utf8mb3 COLLATE=utf8_unicode_ci;

LOCK TABLES `doctrine_migration_versions` WRITE;
/*!40000 ALTER TABLE `doctrine_migration_versions` DISABLE KEYS */;

INSERT INTO `doctrine_migration_versions` (`version`, `executed_at`, `execution_time`)
VALUES
	('DoctrineMigrations\\Version20220406191204','2022-04-06 19:13:16',232),
	('DoctrineMigrations\\Version20220406191411','2022-04-06 19:14:14',174);

/*!40000 ALTER TABLE `doctrine_migration_versions` ENABLE KEYS */;
UNLOCK TABLES;


# Dump of table lockup_templates
# ------------------------------------------------------------

DROP TABLE IF EXISTS `lockup_templates`;

CREATE TABLE `lockup_templates` (
  `id` int NOT NULL AUTO_INCREMENT,
  `name` varchar(100) COLLATE utf8mb4_unicode_ci DEFAULT NULL,
  `style` varchar(20) COLLATE utf8mb4_unicode_ci NOT NULL,
  `image` varchar(255) COLLATE utf8mb4_unicode_ci DEFAULT NULL,
  `svg` longtext COLLATE utf8mb4_unicode_ci,
  `description` longtext COLLATE utf8mb4_unicode_ci,
  `links_to` int DEFAULT NULL,
  `category_id` int DEFAULT NULL,
  `slug` varchar(100) COLLATE utf8mb4_unicode_ci DEFAULT NULL,
  PRIMARY KEY (`id`),
  KEY `IDX_FE1D4C9912469DE2` (`category_id`),
  CONSTRAINT `FK_FE1D4C9912469DE2` FOREIGN KEY (`category_id`) REFERENCES `lockup_templates_categories` (`id`)
) ENGINE=InnoDB AUTO_INCREMENT=116 DEFAULT CHARSET=utf8mb4 COLLATE=utf8mb4_unicode_ci;

LOCK TABLES `lockup_templates` WRITE;
/*!40000 ALTER TABLE `lockup_templates` DISABLE KEYS */;

INSERT INTO `lockup_templates` (`id`, `name`, `style`, `image`, `svg`, `description`, `links_to`, `category_id`, `slug`)
VALUES
	(1,'horizontal organization','h','/img/horizontal/h_org.png','<svg class=\"dcf-txt-center\" xmlns=\"http://www.w3.org/2000/svg\" viewBox=\"0 0 200 36\"\n                        >\n                        <path\n                            d=\"M37.657895 35.81053c-.426316 0-.757895-.33158-.757895-.7579 0-.42631.331579-.75789.757895-.75789.402631 0 .757894.35526.757894.75789 0 .42632-.331578.7579-.757894.7579z\"\n                            fill=\"#fff\" />\n                        <path\n                            d=\"M37.681579 34.10526c-.544737 0-.971053.42632-.971053.94737S37.136842 36 37.657895 36c.521052 0 .947368-.42632.947368-.94737s-.426316-.94737-.923684-.94737zm-.02368 1.70527c-.426316 0-.757895-.33158-.757895-.7579 0-.42631.331579-.75789.757895-.75789.402631 0 .757894.35526.757894.75789 0 .42632-.331578.7579-.757894.7579z\"\n                            fill=\"#d00000\" />\n                        <path\n                            d=\"M37.27894812 34.48421122h.33157896c.14210526 0 .1894737 0 .26052632.04736842.09473684.04736842.14210526.14210526.14210526.26052632 0 .09473684-.0236842.16578948-.07105263.2368421-.0236842.04736843-.07105263.04736843-.14210526.09473685h-.02368422l.26052633.49736844h-.1894737l-.2368421-.47368422h-.14210527v.47368422h-.18947368v-1.13684212zm.28421054.49736843h.09473684c.09473684-.0236842.14210527-.07105264.14210527-.1894737 0-.07105262-.0236842-.11842105-.09473685-.14210526h-.23684211v.33157895h.09473686zM34.815789 0H20.842105v10.65789H23.210526v5.87369L13.073684.54474 12.742105 0H0v10.65789H2.368421v14.68422H0V36H15.157895V25.34211H12.789474v-5.87369l10.136842 15.98684.355263.54474H36V25.34211H33.631579V10.65789H36V0h-1.184211zm.710527 1.18421v9h-2.368421v15.63158h2.368421v9.71053H23.542105l-.213158-.33158-11.013158-17.36053v7.98158h2.368422v9.71053H.473684v-9.71053h2.368421V10.18421H.473684V.47368h11.984211l.213158.33158 11.013158 17.36053v-7.98158h-2.368422V.47368h14.210527v.71053z\"\n                            fill=\"#d00000\" />\n                        <path\n                            d=\"M34.815789.47368h-13.5v9.71053h2.368422v7.98158L12.671053.80526l-.189474-.33158H.473684v9.71053h2.368421v15.63158H.473684v9.71053h14.210527v-9.71053h-2.368422v-7.98158l11.013158 17.36053.213158.33158h11.984211v-9.71053h-2.368421V10.18421h2.368421V.47368h-.710527zM13.973684 26.52632v8.28947H1.184211v-8.28947h2.368421V9.47368H1.184211V1.18421h10.894736l12.31579 19.42105V9.47368h-2.368421V1.18421h12.789473v8.28947h-2.368421v17.05264h2.368421v8.28947H23.921053l-12.31579-19.42105v11.13158h2.368421z\"\n                            fill=\"#fff\" />\n                        <path\n                            d=\"M24.394737 20.60526L12.078947 1.18421H1.184211v8.28947h2.368421v17.05264H1.184211v8.28947h12.789473v-8.28947h-2.368421V15.39474l12.31579 19.42105h10.894736v-8.28947h-2.368421V9.47368h2.368421V1.18421H22.026316v8.28947h2.368421v11.13158z\"\n                            fill=\"#d00000\" />\n                        <text style=\"line-height:125%;\" x=\"44\" y=\"22.252501\" font-size=\"12\" font-family=\"Tungsten\"\n                            letter-spacing=\"0.5\" word-spacing=\"0\" writing-mode=\"lr\" fill=\"#d00000\">\n                            <tspan x=\"44\" y=\"22.252501\">\n                                <tspan class=\"org_first_line\" x=\"44\" y=\"22.252501\" style=\"line-height:125%;text-align:start;\"\n                                    font-weight=\"600\" font-size=\"12\">YOUR ORGANIZATION HERE</tspan>\n                            </tspan>\n                        </text>\n                    </svg>','Primary ID lockup (A): primary hierarchy for your full College, Department, Unit or Subject name in a single line design.',4,1,'h_org'),
	(2,'horizontal organization 2','h','/img/horizontal/h_org_2.png','    <svg class=\"dcf-txt-center\" xmlns=\"http://www.w3.org/2000/svg\" viewBox=\"0 0 200 36\"\n        >\n        <path\n            d=\"M37.657895 35.81053c-.426316 0-.757895-.33158-.757895-.7579 0-.42631.331579-.75789.757895-.75789.402631 0 .757894.35526.757894.75789 0 .42632-.331578.7579-.757894.7579z\"\n            fill=\"#fff\" />\n        <path\n            d=\"M37.681579 34.10526c-.544737 0-.971053.42632-.971053.94737S37.136842 36 37.657895 36c.521052 0 .947368-.42632.947368-.94737s-.426316-.94737-.923684-.94737zm-.02368 1.70527c-.426316 0-.757895-.33158-.757895-.7579 0-.42631.331579-.75789.757895-.75789.402631 0 .757894.35526.757894.75789 0 .42632-.331578.7579-.757894.7579z\"\n            fill=\"#d00000\" />\n        <path\n            d=\"M37.27894812 34.48421122h.33157896c.14210526 0 .1894737 0 .26052632.04736842.09473684.04736842.14210526.14210526.14210526.26052632 0 .09473684-.0236842.16578948-.07105263.2368421-.0236842.04736843-.07105263.04736843-.14210526.09473685h-.02368422l.26052633.49736844h-.1894737l-.2368421-.47368422h-.14210527v.47368422h-.18947368v-1.13684212zm.28421054.49736843h.09473684c.09473684-.0236842.14210527-.07105264.14210527-.1894737 0-.07105262-.0236842-.11842105-.09473685-.14210526h-.23684211v.33157895h.09473686zM34.815789 0H20.842105v10.65789H23.210526v5.87369L13.073684.54474 12.742105 0H0v10.65789H2.368421v14.68422H0V36H15.157895V25.34211H12.789474v-5.87369l10.136842 15.98684.355263.54474H36V25.34211H33.631579V10.65789H36V0h-1.184211zm.710527 1.18421v9h-2.368421v15.63158h2.368421v9.71053H23.542105l-.213158-.33158-11.013158-17.36053v7.98158h2.368422v9.71053H.473684v-9.71053h2.368421V10.18421H.473684V.47368h11.984211l.213158.33158 11.013158 17.36053v-7.98158h-2.368422V.47368h14.210527v.71053z\"\n            fill=\"#d00000\" />\n        <path\n            d=\"M34.815789.47368h-13.5v9.71053h2.368422v7.98158L12.671053.80526l-.189474-.33158H.473684v9.71053h2.368421v15.63158H.473684v9.71053h14.210527v-9.71053h-2.368422v-7.98158l11.013158 17.36053.213158.33158h11.984211v-9.71053h-2.368421V10.18421h2.368421V.47368h-.710527zM13.973684 26.52632v8.28947H1.184211v-8.28947h2.368421V9.47368H1.184211V1.18421h10.894736l12.31579 19.42105V9.47368h-2.368421V1.18421h12.789473v8.28947h-2.368421v17.05264h2.368421v8.28947H23.921053l-12.31579-19.42105v11.13158h2.368421z\"\n            fill=\"#fff\" />\n        <path\n            d=\"M24.394737 20.60526L12.078947 1.18421H1.184211v8.28947h2.368421v17.05264H1.184211v8.28947h12.789473v-8.28947h-2.368421V15.39474l12.31579 19.42105h10.894736v-8.28947h-2.368421V9.47368h2.368421V1.18421H22.026316v8.28947h2.368421v11.13158z\"\n            fill=\"#d00000\" />\n        <text style=\"line-height:125%;\" x=\"44\" y=\"17.252501\" font-size=\"12\" font-family=\"Tungsten\"\n            letter-spacing=\"0.5\" word-spacing=\"0\" writing-mode=\"lr\" fill=\"#d00000\">\n            <tspan x=\"44\" y=\"17.252501\">\n                <tspan class=\"org_first_line\" x=\"44\" y=\"17.252501\" style=\"line-height:125%;text-align:start;\"\n                    font-weight=\"600\" font-size=\"12\">YOUR ORGANIZATION HERE</tspan>\n            </tspan>\n        </text>\n        <text style=\"line-height:125%;\" x=\"44\" y=\"28.252501\" font-size=\"12\"\n            font-family=\"Tungsten\" letter-spacing=\"0.5\" word-spacing=\"0\" writing-mode=\"lr\"\n            fill=\"#d00000\">\n            <tspan x=\"44\" y=\"28.252501\">\n                <tspan class=\"org_second_line\" x=\"44\" y=\"28.252501\" style=\"line-height:125%;text-align:start;\"\n                    font-weight=\"600\" font-size=\"12\">ORGANIZATION SECOND LINE</tspan>\n            </tspan>\n        </text>\n    </svg>','Primary ID lockup (B): primary hierarchy for your full College, Department, Unit or Subject name in a two-line design. \n*Additional line should be used when ID is too long to fit on one line.',14,1,'h_org_2'),
	(3,'horizontal subject','h','/img/horizontal/h_org_subject.png','<svg class=\"dcf-txt-center\" xmlns=\"http://www.w3.org/2000/svg\" viewBox=\"0 0 200 38\">\n    <path d=\"M37.657895 35.81053c-.426316 0-.757895-.33158-.757895-.7579 0-.42631.331579-.75789.757895-.75789.402631 0 .757894.35526.757894.75789 0 .42632-.331578.7579-.757894.7579z\" fill=\"#ffffff\"/>\n    <path d=\"M37.681579 34.10526c-.544737 0-.971053.42632-.971053.94737S37.136842 36 37.657895 36c.521052 0 .947368-.42632.947368-.94737s-.426316-.94737-.923684-.94737zm-.02368 1.70527c-.426316 0-.757895-.33158-.757895-.7579 0-.42631.331579-.75789.757895-.75789.402631 0 .757894.35526.757894.75789 0 .42632-.331578.7579-.757894.7579z\" fill=\"#d00000\"/>\n    <path d=\"M37.27894812 34.48421122h.33157896c.14210526 0 .1894737 0 .26052632.04736842.09473684.04736842.14210526.14210526.14210526.26052632 0 .09473684-.0236842.16578948-.07105263.2368421-.0236842.04736843-.07105263.04736843-.14210526.09473685h-.02368422l.26052633.49736844h-.1894737l-.2368421-.47368422h-.14210527v.47368422h-.18947368v-1.13684212zm.28421054.49736843h.09473684c.09473684-.0236842.14210527-.07105264.14210527-.1894737 0-.07105262-.0236842-.11842105-.09473685-.14210526h-.23684211v.33157895h.09473686zM34.815789 0H20.842105v10.65789H23.210526v5.87369L13.073684.54474 12.742105 0H0v10.65789H2.368421v14.68422H0V36H15.157895V25.34211H12.789474v-5.87369l10.136842 15.98684.355263.54474H36V25.34211H33.631579V10.65789H36V0h-1.184211zm.710527 1.18421v9h-2.368421v15.63158h2.368421v9.71053H23.542105l-.213158-.33158-11.013158-17.36053v7.98158h2.368422v9.71053H.473684v-9.71053h2.368421V10.18421H.473684V.47368h11.984211l.213158.33158 11.013158 17.36053v-7.98158h-2.368422V.47368h14.210527v.71053z\" fill=\"#d00000\"/>\n    <path d=\"M34.815789.47368h-13.5v9.71053h2.368422v7.98158L12.671053.80526l-.189474-.33158H.473684v9.71053h2.368421v15.63158H.473684v9.71053h14.210527v-9.71053h-2.368422v-7.98158l11.013158 17.36053.213158.33158h11.984211v-9.71053h-2.368421V10.18421h2.368421V.47368h-.710527zM13.973684 26.52632v8.28947H1.184211v-8.28947h2.368421V9.47368H1.184211V1.18421h10.894736l12.31579 19.42105V9.47368h-2.368421V1.18421h12.789473v8.28947h-2.368421v17.05264h2.368421v8.28947H23.921053l-12.31579-19.42105v11.13158h2.368421z\" fill=\"#ffffff\"/>\n    <path d=\"M24.394737 20.60526L12.078947 1.18421H1.184211v8.28947h2.368421v17.05264H1.184211v8.28947h12.789473v-8.28947h-2.368421V15.39474l12.31579 19.42105h10.894736v-8.28947h-2.368421V9.47368h2.368421V1.18421H22.026316v8.28947h2.368421v11.13158z\" fill=\"#d00000\"/>\n    <text style=\"line-height:125%;text-align:start\" x=\"44\" y=\"22.242001\" font-size=\"12\" font-family=\"Tungsten\" letter-spacing=\"0.5\" word-spacing=\"0\" fill=\"#d00000\">\n      <tspan x=\"44\" y=\"22.242001\"><tspan x=\"44\" y=\"22.242001\" class=\"org_first_line\" style=\"line-height:125%;text-align:start\" font-weight=\"600\" font-size=\"12\">YOUR ORGANIZATION HERE</tspan></tspan>\n    </text>\n    <text style=\"line-height:125%;text-align:start\" x=\"44\" y=\"35.807255\" font-style=\"italic\" font-weight=\"600\" font-size=\"8.125\" font-family=\"Mercury Display\" letter-spacing=\"0\" word-spacing=\"0\" fill=\"#000000\">\n      <tspan class=\"subject_first_line\" x=\"44\" y=\"35.807255\">Subject Name</tspan>\n    </text>\n  </svg>','Primary and Secondary ID lockup (C): primary hierarchy for your full College, Department, Unit or Subject name in two lines and secondary hierarchy in a single line design. \n*Additional line should be used when ID is too long to fit on one line.',15,1,'h_org_subject'),
	(4,'vertical organization','v','/img/vertical/v_org.png','<svg class=\"dcf-txt-center\"  xmlns=\"http://www.w3.org/2000/svg\" viewBox=\"0 0 200 60\">\n      <path d=\"M119.65837 35.81053c-.42632 0-.7579-.33158-.7579-.7579 0-.42631.33158-.75789.7579-.75789.40263 0 .75789.35526.75789.75789 0 .42632-.33158.7579-.75789.7579z\" fill=\"#ffffff\"/>\n      <path d=\"M119.68205 34.10526c-.54474 0-.97105.42632-.97105.94737s.42631.94737.94737.94737c.52105 0 .94736-.42632.94736-.94737s-.42631-.94737-.92368-.94737zm-.0237 1.70527c-.42632 0-.7579-.33158-.7579-.7579 0-.42631.33158-.75789.7579-.75789.40263 0 .75789.35526.75789.75789 0 .42632-.33157.7579-.75789.7579z\" fill=\"#d00000\"/>\n      <path d=\"M119.27942132 34.48421092h.33157896c.14210526 0 .1894737 0 .26052632.04736842.09473684.04736842.14210526.14210526.14210526.26052632 0 .09473684-.0236842.16578948-.07105263.2368421-.0236842.04736843-.07105263.04736843-.14210526.09473685h-.02368422l.26052633.49736844h-.1894737l-.2368421-.47368422h-.14210527v.47368422h-.18947368v-1.13684212zm.28421054.49736843h.09473684c.09473684-.0236842.14210527-.07105264.14210527-.1894737 0-.07105262-.02368422-.11842105-.09473685-.14210526h-.23684211v.33157895h.09473686zM116.81579 0h-13.97368V10.65789h2.36842v5.87369L95.073684.5447397 94.742105 0H82V10.65789h2.368421v14.68422H82V36h15.157896V25.34211H94.789475v-5.87369l10.136845 15.98684.35526.54474H118V25.34211h-2.36842V10.65789H118V 0h-1.18421zm.71053 1.18421V10.18421h-2.36842v15.63158h2.36842v9.71053H105.54211l-.21316-.33158-11.013161-17.36053v7.98158h2.368422v9.71053H82.473684v-9.71053h2.368421V10.18421h-2.368421V.4736797h11.984211l.213158.33158L105.68421 18.16579v-7.98158h-2.36842V.4736797h14.21053v.71053z\" fill=\"#d00000\"/>\n      <path d=\"M116.81579.4736797h-13.5V10.18421h2.36842v7.98158L94.67105.8052597l-.189474-.33158H82.473681V10.18421h2.368421v15.63158h-2.368421v9.71053h14.210527v-9.71053h-2.368422v-7.98158l11.013164 17.36053.21316.33158H117.52632v-9.71053h-2.36842V10.18421h2.36842V.4736797h-.71053zM95.973681 26.52632v8.28947H83.184208v-8.28947h2.368421V9.47368h-2.368421V1.1842097h10.894736L106.39474 20.60526V9.47368h-2.36843V1.1842097h12.78948V9.47368h-2.36842v17.05264h2.36842v8.28947h-10.89474L93.60526 15.39474v11.13158h2.368421z\" fill=\"#ffffff\"/>\n      <path d=\"M106.39474 20.60526L94.078946 1.1842097H83.18421V9.47368h2.368421v17.05264H83.18421v8.28947h12.789473v-8.28947h-2.368421V15.39474l12.315788 19.42105h10.89474v-8.28947h-2.36842V9.47368h2.36842V1.1842097h-12.78947V9.47368h2.36842v11.13158z\" fill=\"#d00000\"/>\n      <text style=\"line-height:125%;text-align:center\" x=\"100\" y=\"50.865002\" font-weight=\"600\" font-size=\"12\" font-family=\"Tungsten\" letter-spacing=\"0\" word-spacing=\"0\" text-anchor=\"middle\" fill=\"#d00000\">\n        <tspan class=\"org_first_line\" x=\"100\" y=\"50.865002\">YOUR ORGANIZATION HERE</tspan>\n      </text>\n    </svg>','Primary ID lockup (A): primary hierarchy for your full College, Department, Unit or Subject name in a single line design.',1,1,'v_org'),
	(5,'horizontal subject 2','h','/img/horizontal/h_org_subject_2.png','<svg xmlns=\"http://www.w3.org/2000/svg\" viewBox=\"0 0 200 38\"\n>\n    <path d=\"M37.657895 35.81053c-.426316 0-.757895-.33158-.757895-.7579 0-.42631.331579-.75789.757895-.75789.402631 0 .757894.35526.757894.75789 0 .42632-.331578.7579-.757894.7579z\" fill=\"#ffffff\"/>\n    <path d=\"M37.681579 34.10526c-.544737 0-.971053.42632-.971053.94737S37.136842 36 37.657895 36c.521052 0 .947368-.42632.947368-.94737s-.426316-.94737-.923684-.94737zm-.02368 1.70527c-.426316 0-.757895-.33158-.757895-.7579 0-.42631.331579-.75789.757895-.75789.402631 0 .757894.35526.757894.75789 0 .42632-.331578.7579-.757894.7579z\" fill=\"#d00000\"/>\n    <path d=\"M37.27894812 34.48421122h.33157896c.14210526 0 .1894737 0 .26052632.04736842.09473684.04736842.14210526.14210526.14210526.26052632 0 .09473684-.0236842.16578948-.07105263.2368421-.0236842.04736843-.07105263.04736843-.14210526.09473685h-.02368422l.26052633.49736844h-.1894737l-.2368421-.47368422h-.14210527v.47368422h-.18947368v-1.13684212zm.28421054.49736843h.09473684c.09473684-.0236842.14210527-.07105264.14210527-.1894737 0-.07105262-.0236842-.11842105-.09473685-.14210526h-.23684211v.33157895h.09473686zM34.815789 0H20.842105v10.65789H23.210526v5.87369L13.073684.54474 12.742105 0H0v10.65789H2.368421v14.68422H0V36H15.157895V25.34211H12.789474v-5.87369l10.136842 15.98684.355263.54474H36V25.34211H33.631579V10.65789H36V0h-1.184211zm.710527 1.18421v9h-2.368421v15.63158h2.368421v9.71053H23.542105l-.213158-.33158-11.013158-17.36053v7.98158h2.368422v9.71053H.473684v-9.71053h2.368421V10.18421H.473684V.47368h11.984211l.213158.33158 11.013158 17.36053v-7.98158h-2.368422V.47368h14.210527v.71053z\" fill=\"#d00000\"/>\n    <path d=\"M34.815789.47368h-13.5v9.71053h2.368422v7.98158L12.671053.80526l-.189474-.33158H.473684v9.71053h2.368421v15.63158H.473684v9.71053h14.210527v-9.71053h-2.368422v-7.98158l11.013158 17.36053.213158.33158h11.984211v-9.71053h-2.368421V10.18421h2.368421V.47368h-.710527zM13.973684 26.52632v8.28947H1.184211v-8.28947h2.368421V9.47368H1.184211V1.18421h10.894736l12.31579 19.42105V9.47368h-2.368421V1.18421h12.789473v8.28947h-2.368421v17.05264h2.368421v8.28947H23.921053l-12.31579-19.42105v11.13158h2.368421z\" fill=\"#ffffff\"/>\n    <path d=\"M24.394737 20.60526L12.078947 1.18421H1.184211v8.28947h2.368421v17.05264H1.184211v8.28947h12.789473v-8.28947h-2.368421V15.39474l12.31579 19.42105h10.894736v-8.28947h-2.368421V9.47368h2.368421V1.18421H22.026316v8.28947h2.368421v11.13158z\" fill=\"#d00000\"/>\n    <text style=\"line-height:125%;text-align:start\" x=\"44\" y=\"8.7279999\" font-size=\"12\" font-family=\"Tungsten\" letter-spacing=\"0.5\" word-spacing=\"0\" fill=\"#d00000\">\n      <tspan x=\"44\" y=\"8.7279999\"><tspan class=\"org_first_line\" x=\"44\" y=\"8.7279999\" font-weight=\"600\" font-size=\"12\">ORGANIZATION NAME</tspan></tspan>\n    </text>\n    <text style=\"line-height:125%;text-align:start\" x=\"44\" y=\"26.620625\" font-style=\"italic\" font-weight=\"600\" font-size=\"8.125\" font-family=\"Mercury Display\" letter-spacing=\"0\" word-spacing=\"0\" fill=\"#000000\">\n        <tspan x=\"44\" y=\"26.620625\" class=\"subject_first_line\">Subject Name</tspan>\n      </text>\n    <text style=\"line-height:125%;text-align:start\" x=\"44\" y=\"35.807255\" font-style=\"italic\" font-weight=\"600\" font-size=\"8.125\" font-family=\"Mercury Display\" letter-spacing=\"0\" word-spacing=\"0\" fill=\"#000000\">\n      <tspan x=\"44\" y=\"35.807255\" class=\"subject_second_line\">Subject Second Line</tspan>\n    </text>\n  </svg>',NULL,16,1,'h_org_subject_2'),
	(6,'horizontal organization 2 subject','h','/img/horizontal/h_org_2_subject.png','  <svg xmlns=\"http://www.w3.org/2000/svg\" viewBox=\"0 0 200 38\" >\n    <path d=\"M37.657895 35.81053c-.426316 0-.757895-.33158-.757895-.7579 0-.42631.331579-.75789.757895-.75789.402631 0 .757894.35526.757894.75789 0 .42632-.331578.7579-.757894.7579z\" fill=\"#ffffff\"/>\n    <path d=\"M37.681579 34.10526c-.544737 0-.971053.42632-.971053.94737S37.136842 36 37.657895 36c.521052 0 .947368-.42632.947368-.94737s-.426316-.94737-.923684-.94737zm-.02368 1.70527c-.426316 0-.757895-.33158-.757895-.7579 0-.42631.331579-.75789.757895-.75789.402631 0 .757894.35526.757894.75789 0 .42632-.331578.7579-.757894.7579z\" fill=\"#d00000\"/>\n    <path d=\"M37.27894812 34.48421122h.33157896c.14210526 0 .1894737 0 .26052632.04736842.09473684.04736842.14210526.14210526.14210526.26052632 0 .09473684-.0236842.16578948-.07105263.2368421-.0236842.04736843-.07105263.04736843-.14210526.09473685h-.02368422l.26052633.49736844h-.1894737l-.2368421-.47368422h-.14210527v.47368422h-.18947368v-1.13684212zm.28421054.49736843h.09473684c.09473684-.0236842.14210527-.07105264.14210527-.1894737 0-.07105262-.0236842-.11842105-.09473685-.14210526h-.23684211v.33157895h.09473686zM34.815789 0H20.842105v10.65789H23.210526v5.87369L13.073684.54474 12.742105 0H0v10.65789H2.368421v14.68422H0V36H15.157895V25.34211H12.789474v-5.87369l10.136842 15.98684.355263.54474H36V25.34211H33.631579V10.65789H36V0h-1.184211zm.710527 1.18421v9h-2.368421v15.63158h2.368421v9.71053H23.542105l-.213158-.33158-11.013158-17.36053v7.98158h2.368422v9.71053H.473684v-9.71053h2.368421V10.18421H.473684V.47368h11.984211l.213158.33158 11.013158 17.36053v-7.98158h-2.368422V.47368h14.210527v.71053z\" fill=\"#d00000\"/>\n    <path d=\"M34.815789.47368h-13.5v9.71053h2.368422v7.98158L12.671053.80526l-.189474-.33158H.473684v9.71053h2.368421v15.63158H.473684v9.71053h14.210527v-9.71053h-2.368422v-7.98158l11.013158 17.36053.213158.33158h11.984211v-9.71053h-2.368421V10.18421h2.368421V.47368h-.710527zM13.973684 26.52632v8.28947H1.184211v-8.28947h2.368421V9.47368H1.184211V1.18421h10.894736l12.31579 19.42105V9.47368h-2.368421V1.18421h12.789473v8.28947h-2.368421v17.05264h2.368421v8.28947H23.921053l-12.31579-19.42105v11.13158h2.368421z\" fill=\"#ffffff\"/>\n    <path d=\"M24.394737 20.60526L12.078947 1.18421H1.184211v8.28947h2.368421v17.05264H1.184211v8.28947h12.789473v-8.28947h-2.368421V15.39474l12.31579 19.42105h10.894736v-8.28947h-2.368421V9.47368h2.368421V1.18421H22.026316v8.28947h2.368421v11.13158z\" fill=\"#d00000\"/>\n    <text style=\"line-height:125%;text-align:start\" x=\"44\" y=\"8.7279999\" font-size=\"12\" font-family=\"Tungsten\" letter-spacing=\"0.5\" word-spacing=\"0\" fill=\"#d00000\">\n      <tspan x=\"44\" y=\"8.7279999\"><tspan x=\"44\" y=\"8.7279999\" style=\"line-height:125%;text-align:start\" font-weight=\"600\" font-size=\"12\" class=\"org_first_line\">ORGANIZATION NAME</tspan></tspan>\n    </text>\n    <text style=\"line-height:125%;text-align:start\" x=\"44\" y=\"20.028\" font-weight=\"600\" font-size=\"12\" font-family=\"Tungsten\" letter-spacing=\"0.5\" word-spacing=\"0\" fill=\"#d00000\">\n        <tspan x=\"44\" y=\"20.028\" class=\"org_second_line\">ORGANIZATION SECOND LINE</tspan>\n      </text>\n    <text style=\"line-height:125%;text-align:start\" x=\"44\" y=\"35.807255\" font-style=\"italic\" font-weight=\"600\" font-size=\"8.125\" font-family=\"Mercury Display\" letter-spacing=\"0\" word-spacing=\"0\" fill=\"#000000\">\n      <tspan x=\"44\" y=\"35.807255\" class=\"subject_first_line\">Subject Name</tspan>\n    </text>\n  </svg>',NULL,18,1,'h_org_2_subject'),
	(7,'horizontal organization 2 subject 2','h','/img/horizontal/h_org_2_subject_2.png','  <svg xmlns=\"http://www.w3.org/2000/svg\" viewBox=\"0 0 200 38\">\n    <path d=\"M37.657895 35.81053c-.426316 0-.757895-.33158-.757895-.7579 0-.42631.331579-.75789.757895-.75789.402631 0 .757894.35526.757894.75789 0 .42632-.331578.7579-.757894.7579z\" fill=\"#ffffff\"/>\n    <path d=\"M37.681579 34.10526c-.544737 0-.971053.42632-.971053.94737S37.136842 36 37.657895 36c.521052 0 .947368-.42632.947368-.94737s-.426316-.94737-.923684-.94737zm-.02368 1.70527c-.426316 0-.757895-.33158-.757895-.7579 0-.42631.331579-.75789.757895-.75789.402631 0 .757894.35526.757894.75789 0 .42632-.331578.7579-.757894.7579z\" fill=\"#d00000\"/>\n    <path d=\"M37.27894812 34.48421122h.33157896c.14210526 0 .1894737 0 .26052632.04736842.09473684.04736842.14210526.14210526.14210526.26052632 0 .09473684-.0236842.16578948-.07105263.2368421-.0236842.04736843-.07105263.04736843-.14210526.09473685h-.02368422l.26052633.49736844h-.1894737l-.2368421-.47368422h-.14210527v.47368422h-.18947368v-1.13684212zm.28421054.49736843h.09473684c.09473684-.0236842.14210527-.07105264.14210527-.1894737 0-.07105262-.0236842-.11842105-.09473685-.14210526h-.23684211v.33157895h.09473686zM34.815789 0H20.842105v10.65789H23.210526v5.87369L13.073684.54474 12.742105 0H0v10.65789H2.368421v14.68422H0V36H15.157895V25.34211H12.789474v-5.87369l10.136842 15.98684.355263.54474H36V25.34211H33.631579V10.65789H36V0h-1.184211zm.710527 1.18421v9h-2.368421v15.63158h2.368421v9.71053H23.542105l-.213158-.33158-11.013158-17.36053v7.98158h2.368422v9.71053H.473684v-9.71053h2.368421V10.18421H.473684V.47368h11.984211l.213158.33158 11.013158 17.36053v-7.98158h-2.368422V.47368h14.210527v.71053z\" fill=\"#d00000\"/>\n    <path d=\"M34.815789.47368h-13.5v9.71053h2.368422v7.98158L12.671053.80526l-.189474-.33158H.473684v9.71053h2.368421v15.63158H.473684v9.71053h14.210527v-9.71053h-2.368422v-7.98158l11.013158 17.36053.213158.33158h11.984211v-9.71053h-2.368421V10.18421h2.368421V.47368h-.710527zM13.973684 26.52632v8.28947H1.184211v-8.28947h2.368421V9.47368H1.184211V1.18421h10.894736l12.31579 19.42105V9.47368h-2.368421V1.18421h12.789473v8.28947h-2.368421v17.05264h2.368421v8.28947H23.921053l-12.31579-19.42105v11.13158h2.368421z\" fill=\"#ffffff\"/>\n    <path d=\"M24.394737 20.60526L12.078947 1.18421H1.184211v8.28947h2.368421v17.05264H1.184211v8.28947h12.789473v-8.28947h-2.368421V15.39474l12.31579 19.42105h10.894736v-8.28947h-2.368421V9.47368h2.368421V1.18421H22.026316v8.28947h2.368421v11.13158z\" fill=\"#d00000\"/>\n    <text style=\"line-height:125%;text-align:start\" x=\"44\" y=\"8.7279999\" font-size=\"12\" font-family=\"Tungsten\" letter-spacing=\"0.5\" word-spacing=\"0\" fill=\"#d00000\">\n      <tspan x=\"44\" y=\"8.7279999\"><tspan x=\"44\" y=\"8.7279999\" style=\"line-height:125%;text-align:start\" font-weight=\"600\" font-size=\"12\" class=\"org_first_line\">ORGANIZATION NAME</tspan></tspan>\n    </text>\n    <text style=\"line-height:125%;text-align:start\" x=\"44\" y=\"18.5279999\" font-weight=\"600\" font-size=\"12\" font-family=\"Tungsten\" letter-spacing=\"0.5\" word-spacing=\"0\" fill=\"#d00000\">\n        <tspan x=\"44\" y=\"18.5279999\" class=\"org_second_line\">ORGANIZATION SECOND LINE</tspan>\n      </text>\n      <text style=\"line-height:125%;text-align:start\" x=\"44\" y=\"28.620625\" font-style=\"italic\" font-weight=\"600\" font-size=\"8.125\" font-family=\"Mercury Display\" letter-spacing=\"0\" word-spacing=\"0\" fill=\"#000000\">\n        <tspan x=\"44\" y=\"28.620625\" class=\"subject_first_line\">Subject Name</tspan>\n      </text>\n    <text style=\"line-height:125%;text-align:start\" x=\"44\" y=\"35.807255\" font-style=\"italic\" font-weight=\"600\" font-size=\"8.125\" font-family=\"Mercury Display\" letter-spacing=\"0\" word-spacing=\"0\" fill=\"#000000\">\n      <tspan x=\"44\" y=\"35.807255\" class=\"subject_second_line\">Subject Second Line</tspan>\n    </text>\n  </svg>',NULL,19,1,'h_org_2_subject_2'),
	(8,'horizontal student','h','/img/horizontal/h_student_org.png','  <svg class=\"dcf-txt-center\" xmlns=\"http://www.w3.org/2000/svg\" viewBox=\"0 0 200 38\" >\n    <path d=\"M37.657895 35.81053c-.426316 0-.757895-.33158-.757895-.7579 0-.42631.331579-.75789.757895-.75789.402631 0 .757894.35526.757894.75789 0 .42632-.331578.7579-.757894.7579z\" fill=\"#ffffff\"/>\n    <path d=\"M37.681579 34.10526c-.544737 0-.971053.42632-.971053.94737S37.136842 36 37.657895 36c.521052 0 .947368-.42632.947368-.94737s-.426316-.94737-.923684-.94737zm-.02368 1.70527c-.426316 0-.757895-.33158-.757895-.7579 0-.42631.331579-.75789.757895-.75789.402631 0 .757894.35526.757894.75789 0 .42632-.331578.7579-.757894.7579z\" fill=\"#d00000\"/>\n    <path d=\"M37.27894812 34.48421122h.33157896c.14210526 0 .1894737 0 .26052632.04736842.09473684.04736842.14210526.14210526.14210526.26052632 0 .09473684-.0236842.16578948-.07105263.2368421-.0236842.04736843-.07105263.04736843-.14210526.09473685h-.02368422l.26052633.49736844h-.1894737l-.2368421-.47368422h-.14210527v.47368422h-.18947368v-1.13684212zm.28421054.49736843h.09473684c.09473684-.0236842.14210527-.07105264.14210527-.1894737 0-.07105262-.0236842-.11842105-.09473685-.14210526h-.23684211v.33157895h.09473686zM34.815789 0H20.842105v10.65789H23.210526v5.87369L13.073684.54474 12.742105 0H0v10.65789H2.368421v14.68422H0V36H15.157895V25.34211H12.789474v-5.87369l10.136842 15.98684.355263.54474H36V25.34211H33.631579V10.65789H36V0h-1.184211zm.710527 1.18421v9h-2.368421v15.63158h2.368421v9.71053H23.542105l-.213158-.33158-11.013158-17.36053v7.98158h2.368422v9.71053H.473684v-9.71053h2.368421V10.18421H.473684V.47368h11.984211l.213158.33158 11.013158 17.36053v-7.98158h-2.368422V.47368h14.210527v.71053z\" fill=\"#d00000\"/>\n    <path d=\"M34.815789.47368h-13.5v9.71053h2.368422v7.98158L12.671053.80526l-.189474-.33158H.473684v9.71053h2.368421v15.63158H.473684v9.71053h14.210527v-9.71053h-2.368422v-7.98158l11.013158 17.36053.213158.33158h11.984211v-9.71053h-2.368421V10.18421h2.368421V.47368h-.710527zM13.973684 26.52632v8.28947H1.184211v-8.28947h2.368421V9.47368H1.184211V1.18421h10.894736l12.31579 19.42105V9.47368h-2.368421V1.18421h12.789473v8.28947h-2.368421v17.05264h2.368421v8.28947H23.921053l-12.31579-19.42105v11.13158h2.368421z\" fill=\"#ffffff\"/>\n    <path d=\"M24.394737 20.60526L12.078947 1.18421H1.184211v8.28947h2.368421v17.05264H1.184211v8.28947h12.789473v-8.28947h-2.368421V15.39474l12.31579 19.42105h10.894736v-8.28947h-2.368421V9.47368h2.368421V1.18421H22.026316v8.28947h2.368421v11.13158z\" fill=\"#d00000\"/>\n    <text style=\"line-height:125%;text-align:start\" x=\"44\" y=\"22.242001\" font-size=\"12\" font-family=\"Tungsten\" letter-spacing=\"0.5\" word-spacing=\"0\" fill=\"#d00000\">\n      <tspan x=\"44\" y=\"22.242001\"><tspan x=\"44\" y=\"22.242001\" class=\"student_org_first_line\" style=\"line-height:125%;text-align:start\" font-weight=\"600\" font-size=\"12\">STUDENT ORGANIZATION</tspan></tspan>\n    </text>\n    <text style=\"line-height:125%;text-align:start\" x=\"44\" y=\"35.807255\" font-style=\"italic\" font-weight=\"600\" font-size=\"8.125\" font-family=\"Mercury Display\" letter-spacing=\"0\" word-spacing=\"0\" fill=\"#000000\">\n      <tspan x=\"44\" y=\"35.807255\">Recognized Student Organization</tspan>\n    </text>\n  </svg>',NULL,17,2,'h_student_org'),
	(9,'horizontal student 2','h','/img/horizontal/h_student_org_2.png','  <svg xmlns=\"http://www.w3.org/2000/svg\" viewBox=\"0 0 200 38\" >\n    <path d=\"M37.657895 35.81053c-.426316 0-.757895-.33158-.757895-.7579 0-.42631.331579-.75789.757895-.75789.402631 0 .757894.35526.757894.75789 0 .42632-.331578.7579-.757894.7579z\" fill=\"#ffffff\"/>\n    <path d=\"M37.681579 34.10526c-.544737 0-.971053.42632-.971053.94737S37.136842 36 37.657895 36c.521052 0 .947368-.42632.947368-.94737s-.426316-.94737-.923684-.94737zm-.02368 1.70527c-.426316 0-.757895-.33158-.757895-.7579 0-.42631.331579-.75789.757895-.75789.402631 0 .757894.35526.757894.75789 0 .42632-.331578.7579-.757894.7579z\" fill=\"#d00000\"/>\n    <path d=\"M37.27894812 34.48421122h.33157896c.14210526 0 .1894737 0 .26052632.04736842.09473684.04736842.14210526.14210526.14210526.26052632 0 .09473684-.0236842.16578948-.07105263.2368421-.0236842.04736843-.07105263.04736843-.14210526.09473685h-.02368422l.26052633.49736844h-.1894737l-.2368421-.47368422h-.14210527v.47368422h-.18947368v-1.13684212zm.28421054.49736843h.09473684c.09473684-.0236842.14210527-.07105264.14210527-.1894737 0-.07105262-.0236842-.11842105-.09473685-.14210526h-.23684211v.33157895h.09473686zM34.815789 0H20.842105v10.65789H23.210526v5.87369L13.073684.54474 12.742105 0H0v10.65789H2.368421v14.68422H0V36H15.157895V25.34211H12.789474v-5.87369l10.136842 15.98684.355263.54474H36V25.34211H33.631579V10.65789H36V0h-1.184211zm.710527 1.18421v9h-2.368421v15.63158h2.368421v9.71053H23.542105l-.213158-.33158-11.013158-17.36053v7.98158h2.368422v9.71053H.473684v-9.71053h2.368421V10.18421H.473684V.47368h11.984211l.213158.33158 11.013158 17.36053v-7.98158h-2.368422V.47368h14.210527v.71053z\" fill=\"#d00000\"/>\n    <path d=\"M34.815789.47368h-13.5v9.71053h2.368422v7.98158L12.671053.80526l-.189474-.33158H.473684v9.71053h2.368421v15.63158H.473684v9.71053h14.210527v-9.71053h-2.368422v-7.98158l11.013158 17.36053.213158.33158h11.984211v-9.71053h-2.368421V10.18421h2.368421V.47368h-.710527zM13.973684 26.52632v8.28947H1.184211v-8.28947h2.368421V9.47368H1.184211V1.18421h10.894736l12.31579 19.42105V9.47368h-2.368421V1.18421h12.789473v8.28947h-2.368421v17.05264h2.368421v8.28947H23.921053l-12.31579-19.42105v11.13158h2.368421z\" fill=\"#ffffff\"/>\n    <path d=\"M24.394737 20.60526L12.078947 1.18421H1.184211v8.28947h2.368421v17.05264H1.184211v8.28947h12.789473v-8.28947h-2.368421V15.39474l12.31579 19.42105h10.894736v-8.28947h-2.368421V9.47368h2.368421V1.18421H22.026316v8.28947h2.368421v11.13158z\" fill=\"#d00000\"/>\n    <text style=\"line-height:125%;text-align:start\" x=\"44\" y=\"8.5279999\" font-size=\"12\" font-family=\"Tungsten\" letter-spacing=\"0.5\" word-spacing=\"0\" fill=\"#d00000\">\n      <tspan x=\"44\" y=\"8.5279999\"><tspan x=\"44\" y=\"8.5279999\" style=\"line-height:125%;text-align:start\" font-weight=\"600\" font-size=\"12\" class=\"student_org_first_line\">ORGANIZATION NAME</tspan></tspan>\n    </text>\n    <text style=\"line-height:125%;text-align:start\" x=\"44\" y=\"20.028\" font-weight=\"600\" font-size=\"12\" font-family=\"Tungsten\" letter-spacing=\"0.5\" word-spacing=\"0\" fill=\"#d00000\">\n        <tspan x=\"44\" y=\"20.028\" class=\"student_org_second_line\">ORGANIZATION SECOND LINE</tspan>\n      </text>\n    <text style=\"line-height:125%;text-align:start\" x=\"44\" y=\"35.807255\" font-style=\"italic\" font-weight=\"600\" font-size=\"8.125\" font-family=\"Mercury Display\" letter-spacing=\"0\" word-spacing=\"0\" fill=\"#000000\">\n      <tspan x=\"44\" y=\"35.807255\">Recognized Student Organization\n\n    </tspan>\n    </text>\n  </svg>',NULL,20,2,'h_student_org_2'),
	(10,'horizontal acronym','h','/img/horizontal/h_acronym.png',' <svg xmlns=\"http://www.w3.org/2000/svg\" viewBox=\"0 0 200 36\" >\n    <path d=\"M37.657895 35.81053c-.426316 0-.757895-.33158-.757895-.7579 0-.42631.331579-.75789.757895-.75789.402631 0 .757894.35526.757894.75789 0 .42632-.331578.7579-.757894.7579z\" fill=\"#ffffff\"/>\n    <path d=\"M37.681579 34.10526c-.544737 0-.971053.42632-.971053.94737S37.136842 36 37.657895 36c.521052 0 .947368-.42632.947368-.94737s-.426316-.94737-.923684-.94737zm-.02368 1.70527c-.426316 0-.757895-.33158-.757895-.7579 0-.42631.331579-.75789.757895-.75789.402631 0 .757894.35526.757894.75789 0 .42632-.331578.7579-.757894.7579z\" fill=\"#d00000\"/>\n    <path d=\"M37.27894812 34.48421122h.33157896c.14210526 0 .1894737 0 .26052632.04736842.09473684.04736842.14210526.14210526.14210526.26052632 0 .09473684-.0236842.16578948-.07105263.2368421-.0236842.04736843-.07105263.04736843-.14210526.09473685h-.02368422l.26052633.49736844h-.1894737l-.2368421-.47368422h-.14210527v.47368422h-.18947368v-1.13684212zm.28421054.49736843h.09473684c.09473684-.0236842.14210527-.07105264.14210527-.1894737 0-.07105262-.0236842-.11842105-.09473685-.14210526h-.23684211v.33157895h.09473686zM34.815789 0H20.842105v10.65789H23.210526v5.87369L13.073684.54474 12.742105 0H0v10.65789H2.368421v14.68422H0V36H15.157895V25.34211H12.789474v-5.87369l10.136842 15.98684.355263.54474H36V25.34211H33.631579V10.65789H36V0h-1.184211zm.710527 1.18421v9h-2.368421v15.63158h2.368421v9.71053H23.542105l-.213158-.33158-11.013158-17.36053v7.98158h2.368422v9.71053H.473684v-9.71053h2.368421V10.18421H.473684V.47368h11.984211l.213158.33158 11.013158 17.36053v-7.98158h-2.368422V.47368h14.210527v.71053z\" fill=\"#d00000\"/>\n    <path d=\"M34.815789.47368h-13.5v9.71053h2.368422v7.98158L12.671053.80526l-.189474-.33158H.473684v9.71053h2.368421v15.63158H.473684v9.71053h14.210527v-9.71053h-2.368422v-7.98158l11.013158 17.36053.213158.33158h11.984211v-9.71053h-2.368421V10.18421h2.368421V.47368h-.710527zM13.973684 26.52632v8.28947H1.184211v-8.28947h2.368421V9.47368H1.184211V1.18421h10.894736l12.31579 19.42105V9.47368h-2.368421V1.18421h12.789473v8.28947h-2.368421v17.05264h2.368421v8.28947H23.921053l-12.31579-19.42105v11.13158h2.368421z\" fill=\"#ffffff\"/>\n    <path d=\"M24.394737 20.60526L12.078947 1.18421H1.184211v8.28947h2.368421v17.05264H1.184211v8.28947h12.789473v-8.28947h-2.368421V15.39474l12.31579 19.42105h10.894736v-8.28947h-2.368421V9.47368h2.368421V1.18421H22.026316v8.28947h2.368421v11.13158z\" fill=\"#d00000\"/>\n    <text style=\"line-height:125%;text-align:start\" x=\"44\" y=\"25.528\" font-size=\"22\" font-family=\"Tungsten\" font-weight=\"600\" letter-spacing=\"0\" word-spacing=\"0\" writing-mode=\"lr\" fill=\"#d00000\">\n      <tspan class=\"acronym_first_line\">ACRONYM</tspan>\n    </text>\n  </svg>',NULL,21,3,'h_acronym'),
	(11,'horizontal acronym subject','h','/img/horizontal/h_acronym_subject.png','  <svg xmlns=\"http://www.w3.org/2000/svg\" viewBox=\"0 0 200 40\" >\n    <path d=\"M37.657895 35.81053c-.426316 0-.757895-.33158-.757895-.7579 0-.42631.331579-.75789.757895-.75789.402631 0 .757894.35526.757894.75789 0 .42632-.331578.7579-.757894.7579z\" fill=\"#ffffff\"/>\n      <path d=\"M37.681579 34.10526c-.544737 0-.971053.42632-.971053.94737S37.136842 36 37.657895 36c.521052 0 .947368-.42632.947368-.94737s-.426316-.94737-.923684-.94737zm-.02368 1.70527c-.426316 0-.757895-.33158-.757895-.7579 0-.42631.331579-.75789.757895-.75789.402631 0 .757894.35526.757894.75789 0 .42632-.331578.7579-.757894.7579z\" fill=\"#d00000\"/>\n      <path d=\"M37.27894812 34.48421122h.33157896c.14210526 0 .1894737 0 .26052632.04736842.09473684.04736842.14210526.14210526.14210526.26052632 0 .09473684-.0236842.16578948-.07105263.2368421-.0236842.04736843-.07105263.04736843-.14210526.09473685h-.02368422l.26052633.49736844h-.1894737l-.2368421-.47368422h-.14210527v.47368422h-.18947368v-1.13684212zm.28421054.49736843h.09473684c.09473684-.0236842.14210527-.07105264.14210527-.1894737 0-.07105262-.0236842-.11842105-.09473685-.14210526h-.23684211v.33157895h.09473686zM34.815789 0H20.842105v10.65789H23.210526v5.87369L13.073684.54474 12.742105 0H0v10.65789H2.368421v14.68422H0V36H15.157895V25.34211H12.789474v-5.87369l10.136842 15.98684.355263.54474H36V25.34211H33.631579V10.65789H36V0h-1.184211zm.710527 1.18421v9h-2.368421v15.63158h2.368421v9.71053H23.542105l-.213158-.33158-11.013158-17.36053v7.98158h2.368422v9.71053H.473684v-9.71053h2.368421V10.18421H.473684V.47368h11.984211l.213158.33158 11.013158 17.36053v-7.98158h-2.368422V.47368h14.210527v.71053z\" fill=\"#d00000\"/>\n      <path d=\"M34.815789.47368h-13.5v9.71053h2.368422v7.98158L12.671053.80526l-.189474-.33158H.473684v9.71053h2.368421v15.63158H.473684v9.71053h14.210527v-9.71053h-2.368422v-7.98158l11.013158 17.36053.213158.33158h11.984211v-9.71053h-2.368421V10.18421h2.368421V.47368h-.710527zM13.973684 26.52632v8.28947H1.184211v-8.28947h2.368421V9.47368H1.184211V1.18421h10.894736l12.31579 19.42105V9.47368h-2.368421V1.18421h12.789473v8.28947h-2.368421v17.05264h2.368421v8.28947H23.921053l-12.31579-19.42105v11.13158h2.368421z\" fill=\"#ffffff\"/>\n      <path d=\"M24.394737 20.60526L12.078947 1.18421H1.184211v8.28947h2.368421v17.05264H1.184211v8.28947h12.789473v-8.28947h-2.368421V15.39474l12.31579 19.42105h10.894736v-8.28947h-2.368421V9.47368h2.368421V1.18421H22.026316v8.28947h2.368421v11.13158z\" fill=\"#d00000\"/>\n      <text style=\"line-height:125%;text-align:start\" x=\"44\" y=\"15.528\" font-weight=\"600\" font-size=\"22\" font-family=\"Tungsten\" letter-spacing=\"0\" word-spacing=\"0\" fill=\"#d00000\">\n        <tspan x=\"44\" y=\"15.528\" class=\"acronym_first_line\">ACRONYM</tspan>\n      </text>\n      <text style=\"line-height:125%;text-align:start\" x=\"44\" y=\"35.9025\" font-weight=\"600\" font-size=\"16.25\" font-family=\"Tungsten\" letter-spacing=\"0\" word-spacing=\"0\" fill=\"#000000\">\n        <tspan x=\"44\" y=\"35.9025\" class=\"acronym_subject\">ACRONYM SUBJECT</tspan>\n      </text>\n    </svg>',NULL,22,3,'h_acronym_subject'),
	(13,'horizontal extension','h','/img/horizontal/h_extension.png','    <svg xmlns=\"http://www.w3.org/2000/svg\" viewBox=\"0 0 200 38\" >\n        <path d=\"M37.657895 35.81053c-.426316 0-.757895-.33158-.757895-.7579 0-.42631.331579-.75789.757895-.75789.402631 0 .757894.35526.757894.75789 0 .42632-.331578.7579-.757894.7579z\" fill=\"#ffffff\"/>\n        <path d=\"M37.681579 34.10526c-.544737 0-.971053.42632-.971053.94737S37.136842 36 37.657895 36c.521052 0 .947368-.42632.947368-.94737s-.426316-.94737-.923684-.94737zm-.02368 1.70527c-.426316 0-.757895-.33158-.757895-.7579 0-.42631.331579-.75789.757895-.75789.402631 0 .757894.35526.757894.75789 0 .42632-.331578.7579-.757894.7579z\" fill=\"#d00000\"/>\n        <path d=\"M37.27894812 34.48421122h.33157896c.14210526 0 .1894737 0 .26052632.04736842.09473684.04736842.14210526.14210526.14210526.26052632 0 .09473684-.0236842.16578948-.07105263.2368421-.0236842.04736843-.07105263.04736843-.14210526.09473685h-.02368422l.26052633.49736844h-.1894737l-.2368421-.47368422h-.14210527v.47368422h-.18947368v-1.13684212zm.28421054.49736843h.09473684c.09473684-.0236842.14210527-.07105264.14210527-.1894737 0-.07105262-.0236842-.11842105-.09473685-.14210526h-.23684211v.33157895h.09473686zM34.815789 0H20.842105v10.65789H23.210526v5.87369L13.073684.54474 12.742105 0H0v10.65789H2.368421v14.68422H0V36H15.157895V25.34211H12.789474v-5.87369l10.136842 15.98684.355263.54474H36V25.34211H33.631579V10.65789H36V0h-1.184211zm.710527 1.18421v9h-2.368421v15.63158h2.368421v9.71053H23.542105l-.213158-.33158-11.013158-17.36053v7.98158h2.368422v9.71053H.473684v-9.71053h2.368421V10.18421H.473684V.47368h11.984211l.213158.33158 11.013158 17.36053v-7.98158h-2.368422V.47368h14.210527v.71053z\" fill=\"#d00000\"/>\n        <path d=\"M34.815789.47368h-13.5v9.71053h2.368422v7.98158L12.671053.80526l-.189474-.33158H.473684v9.71053h2.368421v15.63158H.473684v9.71053h14.210527v-9.71053h-2.368422v-7.98158l11.013158 17.36053.213158.33158h11.984211v-9.71053h-2.368421V10.18421h2.368421V.47368h-.710527zM13.973684 26.52632v8.28947H1.184211v-8.28947h2.368421V9.47368H1.184211V1.18421h10.894736l12.31579 19.42105V9.47368h-2.368421V1.18421h12.789473v8.28947h-2.368421v17.05264h2.368421v8.28947H23.921053l-12.31579-19.42105v11.13158h2.368421z\" fill=\"#ffffff\"/>\n        <path d=\"M24.394737 20.60526L12.078947 1.18421H1.184211v8.28947h2.368421v17.05264H1.184211v8.28947h12.789473v-8.28947h-2.368421V15.39474l12.31579 19.42105h10.894736v-8.28947h-2.368421V9.47368h2.368421V1.18421H22.026316v8.28947h2.368421v11.13158z\" fill=\"#d00000\"/>\n        <text style=\"line-height:125%;text-align:start\" x=\"44\" y=\"25.528\" font-weight=\"600\" font-size=\"22\" font-family=\"Tungsten\" letter-spacing=\"0\" word-spacing=\"0\" writing-mode=\"lr\" fill=\"#d00000\">\n          <tspan>EXTENSION</tspan>\n        </text>\n        <text style=\"line-height:125%;text-align:start\" x=\"44\" y=\"35.807255\" font-style=\"italic\" font-weight=\"600\" font-size=\"8.125\" font-family=\"Mercury Display\" letter-spacing=\"0\" word-spacing=\"0\" writing-mode=\"lr\" fill=\"#000000\">\n          <tspan class=\"extension\">County</tspan>\n        </text>\n      </svg>',NULL,26,4,'h_extension'),
	(14,'vertical organization 2','v','/img/vertical/v_org_2.png','<svg class=\"dcf-txt-center\"  xmlns=\"http://www.w3.org/2000/svg\" viewBox=\"0 0 200 70\">\n      <path d=\"M119.65837 35.81053c-.42632 0-.7579-.33158-.7579-.7579 0-.42631.33158-.75789.7579-.75789.40263 0 .75789.35526.75789.75789 0 .42632-.33158.7579-.75789.7579z\" fill=\"#ffffff\"/>\n      <path d=\"M119.68205 34.10526c-.54474 0-.97105.42632-.97105.94737s.42631.94737.94737.94737c.52105 0 .94736-.42632.94736-.94737s-.42631-.94737-.92368-.94737zm-.0237 1.70527c-.42632 0-.7579-.33158-.7579-.7579 0-.42631.33158-.75789.7579-.75789.40263 0 .75789.35526.75789.75789 0 .42632-.33157.7579-.75789.7579z\" fill=\"#d00000\"/>\n      <path d=\"M119.27942132 34.48421092h.33157896c.14210526 0 .1894737 0 .26052632.04736842.09473684.04736842.14210526.14210526.14210526.26052632 0 .09473684-.0236842.16578948-.07105263.2368421-.0236842.04736843-.07105263.04736843-.14210526.09473685h-.02368422l.26052633.49736844h-.1894737l-.2368421-.47368422h-.14210527v.47368422h-.18947368v-1.13684212zm.28421054.49736843h.09473684c.09473684-.0236842.14210527-.07105264.14210527-.1894737 0-.07105262-.02368422-.11842105-.09473685-.14210526h-.23684211v.33157895h.09473686zM116.81579 0h-13.97368V10.65789h2.36842v5.87369L95.073684.5447397 94.742105 0H82V10.65789h2.368421v14.68422H82V36h15.157896V25.34211H94.789475v-5.87369l10.136845 15.98684.35526.54474H118V25.34211h-2.36842V10.65789H118V 0h-1.18421zm.71053 1.18421V10.18421h-2.36842v15.63158h2.36842v9.71053H105.54211l-.21316-.33158-11.013161-17.36053v7.98158h2.368422v9.71053H82.473684v-9.71053h2.368421V10.18421h-2.368421V.4736797h11.984211l.213158.33158L105.68421 18.16579v-7.98158h-2.36842V.4736797h14.21053v.71053z\" fill=\"#d00000\"/>\n      <path d=\"M116.81579.4736797h-13.5V10.18421h2.36842v7.98158L94.67105.8052597l-.189474-.33158H82.473681V10.18421h2.368421v15.63158h-2.368421v9.71053h14.210527v-9.71053h-2.368422v-7.98158l11.013164 17.36053.21316.33158H117.52632v-9.71053h-2.36842V10.18421h2.36842V.4736797h-.71053zM95.973681 26.52632v8.28947H83.184208v-8.28947h2.368421V9.47368h-2.368421V1.1842097h10.894736L106.39474 20.60526V9.47368h-2.36843V1.1842097h12.78948V9.47368h-2.36842v17.05264h2.36842v8.28947h-10.89474L93.60526 15.39474v11.13158h2.368421z\" fill=\"#ffffff\"/>\n      <path d=\"M106.39474 20.60526L94.078946 1.1842097H83.18421V9.47368h2.368421v17.05264H83.18421v8.28947h12.789473v-8.28947h-2.368421V15.39474l12.315788 19.42105h10.89474v-8.28947h-2.36842V9.47368h2.36842V1.1842097h-12.78947V9.47368h2.36842v11.13158z\" fill=\"#d00000\"/>\n      <text style=\"line-height:125%;text-align:center\" x=\"100\" y=\"50.865002\" font-weight=\"600\" font-size=\"12\" font-family=\"Tungsten\" letter-spacing=\"0\" word-spacing=\"0\" text-anchor=\"middle\" fill=\"#d00000\">\n        <tspan class=\"org_first_line\" x=\"100\" y=\"50.865002\">YOUR ORGANIZATION HERE</tspan>\n      </text>\n      <text style=\"line-height:125%;text-align:center\" x=\"100\" y=\"61.865002\" font-weight=\"600\" font-size=\"12\" font-family=\"Tungsten\" letter-spacing=\"0\" word-spacing=\"0\" text-anchor=\"middle\" fill=\"#d00000\">\n        <tspan class=\"org_second_line\" x=\"100\" y=\"61.865002\">ORGANIZATION SECOND LINE\n</tspan>\n      </text>\n    </svg>','Primary ID lockup (B): primary hierarchy for your full College, Department, Unit or Subject name in a two-line design. \n*Additional line should be used when ID is too long to fit on one line.',2,1,'v_org_2'),
	(15,'vertical subject','v','/img/vertical/v_org_subject.png',' <svg xmlns=\"http://www.w3.org/2000/svg\" viewBox=\"0 0 200 70\">\n    <path d=\"M119.65837 35.81053c-.42632 0-.7579-.33158-.7579-.7579 0-.42631.33158-.75789.7579-.75789.40263 0 .75789.35526.75789.75789 0 .42632-.33158.7579-.75789.7579z\" fill=\"#ffffff\"/>\n    <path d=\"M119.68205 34.10526c-.54474 0-.97105.42632-.97105.94737s.42631.94737.94737.94737c.52105 0 .94736-.42632.94736-.94737s-.42631-.94737-.92368-.94737zm-.0237 1.70527c-.42632 0-.7579-.33158-.7579-.7579 0-.42631.33158-.75789.7579-.75789.40263 0 .75789.35526.75789.75789 0 .42632-.33157.7579-.75789.7579z\" fill=\"#d00000\"/>\n    <path d=\"M119.27942132 34.48421092h.33157896c.14210526 0 .1894737 0 .26052632.04736842.09473684.04736842.14210526.14210526.14210526.26052632 0 .09473684-.0236842.16578948-.07105263.2368421-.0236842.04736843-.07105263.04736843-.14210526.09473685h-.02368422l.26052633.49736844h-.1894737l-.2368421-.47368422h-.14210527v.47368422h-.18947368v-1.13684212zm.28421054.49736843h.09473684c.09473684-.0236842.14210527-.07105264.14210527-.1894737 0-.07105262-.02368422-.11842105-.09473685-.14210526h-.23684211v.33157895h.09473686zM116.81579 0h-13.97368V10.65789h2.36842v5.87369L95.073684.5447397 94.742105 0H82V10.65789h2.368421v14.68422H82V36h15.157896V25.34211H94.789475v-5.87369l10.136845 15.98684.35526.54474H118V25.34211h-2.36842V10.65789H118V 0h-1.18421zm.71053 1.18421V10.18421h-2.36842v15.63158h2.36842v9.71053H105.54211l-.21316-.33158-11.013161-17.36053v7.98158h2.368422v9.71053H82.473684v-9.71053h2.368421V10.18421h-2.368421V.4736797h11.984211l.213158.33158L105.68421 18.16579v-7.98158h-2.36842V.4736797h14.21053v.71053z\" fill=\"#d00000\"/>\n    <path d=\"M116.81579.4736797h-13.5V10.18421h2.36842v7.98158L94.67105.8052597l-.189474-.33158H82.473681V10.18421h2.368421v15.63158h-2.368421v9.71053h14.210527v-9.71053h-2.368422v-7.98158l11.013164 17.36053.21316.33158H117.52632v-9.71053h-2.36842V10.18421h2.36842V.4736797h-.71053zM95.973681 26.52632v8.28947H83.184208v-8.28947h2.368421V9.47368h-2.368421V1.1842097h10.894736L106.39474 20.60526V9.47368h-2.36843V1.1842097h12.78948V9.47368h-2.36842v17.05264h2.36842v8.28947h-10.89474L93.60526 15.39474v11.13158h2.368421z\" fill=\"#ffffff\"/>\n    <path d=\"M106.39474 20.60526L94.078946 1.1842097H83.18421V9.47368h2.368421v17.05264H83.18421v8.28947h12.789473v-8.28947h-2.368421V15.39474l12.315788 19.42105h10.89474v-8.28947h-2.36842V9.47368h2.36842V1.1842097h-12.78947V9.47368h2.36842v11.13158z\" fill=\"#d00000\"/>\n    <text style=\"line-height:125%;text-align:center\" x=\"100\" y=\"50.865002\" font-weight=\"600\" font-size=\"12\" font-family=\"Tungsten\" letter-spacing=\"0\" word-spacing=\"0\" text-anchor=\"middle\" fill=\"#d00000\">\n      <tspan x=\"100\" y=\"50.865002\" class=\"org_first_line\">YOUR ORGANIZATION NAME</tspan>\n    </text>\n    <text style=\"line-height:125%;text-align:center\" x=\"100\" y=\"64.317627\" font-style=\"italic\" font-weight=\"600\" font-size=\"8.125\" font-family=\"Mercury Display\" letter-spacing=\"0\" word-spacing=\"0\" text-anchor=\"middle\" fill=\"#000000\">\n      <tspan x=\"100\" y=\"64.317627\" class=\"subject_first_line\">Subject Name</tspan>\n    </text>\n  </svg>',NULL,3,1,'v_org_subject'),
	(16,'vertical subject 2','v','/img/vertical/v_org_subject_2.png','  <svg xmlns=\"http://www.w3.org/2000/svg\" viewBox=\"0 0 200 80\">\n    <path d=\"M119.65837 35.81053c-.42632 0-.7579-.33158-.7579-.7579 0-.42631.33158-.75789.7579-.75789.40263 0 .75789.35526.75789.75789 0 .42632-.33158.7579-.75789.7579z\" fill=\"#ffffff\"/>\n    <path d=\"M119.68205 34.10526c-.54474 0-.97105.42632-.97105.94737s.42631.94737.94737.94737c.52105 0 .94736-.42632.94736-.94737s-.42631-.94737-.92368-.94737zm-.0237 1.70527c-.42632 0-.7579-.33158-.7579-.7579 0-.42631.33158-.75789.7579-.75789.40263 0 .75789.35526.75789.75789 0 .42632-.33157.7579-.75789.7579z\" fill=\"#d00000\"/>\n    <path d=\"M119.27942132 34.48421092h.33157896c.14210526 0 .1894737 0 .26052632.04736842.09473684.04736842.14210526.14210526.14210526.26052632 0 .09473684-.0236842.16578948-.07105263.2368421-.0236842.04736843-.07105263.04736843-.14210526.09473685h-.02368422l.26052633.49736844h-.1894737l-.2368421-.47368422h-.14210527v.47368422h-.18947368v-1.13684212zm.28421054.49736843h.09473684c.09473684-.0236842.14210527-.07105264.14210527-.1894737 0-.07105262-.02368422-.11842105-.09473685-.14210526h-.23684211v.33157895h.09473686zM116.81579 0h-13.97368V10.65789h2.36842v5.87369L95.073684.5447397 94.742105 0H82V10.65789h2.368421v14.68422H82V36h15.157896V25.34211H94.789475v-5.87369l10.136845 15.98684.35526.54474H118V25.34211h-2.36842V10.65789H118V 0h-1.18421zm.71053 1.18421V10.18421h-2.36842v15.63158h2.36842v9.71053H105.54211l-.21316-.33158-11.013161-17.36053v7.98158h2.368422v9.71053H82.473684v-9.71053h2.368421V10.18421h-2.368421V.4736797h11.984211l.213158.33158L105.68421 18.16579v-7.98158h-2.36842V.4736797h14.21053v.71053z\" fill=\"#d00000\"/>\n    <path d=\"M116.81579.4736797h-13.5V10.18421h2.36842v7.98158L94.67105.8052597l-.189474-.33158H82.473681V10.18421h2.368421v15.63158h-2.368421v9.71053h14.210527v-9.71053h-2.368422v-7.98158l11.013164 17.36053.21316.33158H117.52632v-9.71053h-2.36842V10.18421h2.36842V.4736797h-.71053zM95.973681 26.52632v8.28947H83.184208v-8.28947h2.368421V9.47368h-2.368421V1.1842097h10.894736L106.39474 20.60526V9.47368h-2.36843V1.1842097h12.78948V9.47368h-2.36842v17.05264h2.36842v8.28947h-10.89474L93.60526 15.39474v11.13158h2.368421z\" fill=\"#ffffff\"/>\n    <path d=\"M106.39474 20.60526L94.078946 1.1842097H83.18421V9.47368h2.368421v17.05264H83.18421v8.28947h12.789473v-8.28947h-2.368421V15.39474l12.315788 19.42105h10.89474v-8.28947h-2.36842V9.47368h2.36842V1.1842097h-12.78947V9.47368h2.36842v11.13158z\" fill=\"#d00000\"/>\n    <text style=\"line-height:125%;text-align:center\" x=\"100\" y=\"50.865002\" font-weight=\"600\" font-size=\"12\" font-family=\"Tungsten\" letter-spacing=\"0\" word-spacing=\"0\" text-anchor=\"middle\" fill=\"#d00000\">\n      <tspan x=\"100\" y=\"50.865002\" class=\"org_first_line\">ORGANIZATION NAME</tspan>\n    </text>\n    <text style=\"line-height:125%;text-align:center\" x=\"100\" y=\"64.317627\" font-style=\"italic\" font-weight=\"600\" font-size=\"8.125\" font-family=\"Mercury Display\" letter-spacing=\"0\" word-spacing=\"0\" text-anchor=\"middle\" fill=\"#000000\">\n      <tspan x=\"100\" y=\"64.317627\" class=\"subject_first_line\">Subject Second Line</tspan>\n    </text>\n    <text style=\"line-height:125%;text-align:center\" x=\"100\" y=\"74.317627\" font-style=\"italic\" font-weight=\"600\" font-size=\"8.125\" font-family=\"Mercury Display\" letter-spacing=\"0\" word-spacing=\"0\" text-anchor=\"middle\" fill=\"#000000\">\n      <tspan x=\"100\" y=\"74.317627\" class=\"subject_second_line\">Subject Name</tspan>\n    </text>\n  </svg>',NULL,5,1,'v_org_subject_2'),
	(17,'vertical student','v','/img/vertical/v_student_org.png','  <svg xmlns=\"http://www.w3.org/2000/svg\" viewBox=\"0 0 200 70\">\n    <path d=\"M119.65837 35.81053c-.42632 0-.7579-.33158-.7579-.7579 0-.42631.33158-.75789.7579-.75789.40263 0 .75789.35526.75789.75789 0 .42632-.33158.7579-.75789.7579z\" fill=\"#ffffff\"/>\n    <path d=\"M119.68205 34.10526c-.54474 0-.97105.42632-.97105.94737s.42631.94737.94737.94737c.52105 0 .94736-.42632.94736-.94737s-.42631-.94737-.92368-.94737zm-.0237 1.70527c-.42632 0-.7579-.33158-.7579-.7579 0-.42631.33158-.75789.7579-.75789.40263 0 .75789.35526.75789.75789 0 .42632-.33157.7579-.75789.7579z\" fill=\"#d00000\"/>\n    <path d=\"M119.27942132 34.48421092h.33157896c.14210526 0 .1894737 0 .26052632.04736842.09473684.04736842.14210526.14210526.14210526.26052632 0 .09473684-.0236842.16578948-.07105263.2368421-.0236842.04736843-.07105263.04736843-.14210526.09473685h-.02368422l.26052633.49736844h-.1894737l-.2368421-.47368422h-.14210527v.47368422h-.18947368v-1.13684212zm.28421054.49736843h.09473684c.09473684-.0236842.14210527-.07105264.14210527-.1894737 0-.07105262-.02368422-.11842105-.09473685-.14210526h-.23684211v.33157895h.09473686zM116.81579 0h-13.97368V10.65789h2.36842v5.87369L95.073684.5447397 94.742105 0H82V10.65789h2.368421v14.68422H82V36h15.157896V25.34211H94.789475v-5.87369l10.136845 15.98684.35526.54474H118V25.34211h-2.36842V10.65789H118V 0h-1.18421zm.71053 1.18421V10.18421h-2.36842v15.63158h2.36842v9.71053H105.54211l-.21316-.33158-11.013161-17.36053v7.98158h2.368422v9.71053H82.473684v-9.71053h2.368421V10.18421h-2.368421V.4736797h11.984211l.213158.33158L105.68421 18.16579v-7.98158h-2.36842V.4736797h14.21053v.71053z\" fill=\"#d00000\"/>\n    <path d=\"M116.81579.4736797h-13.5V10.18421h2.36842v7.98158L94.67105.8052597l-.189474-.33158H82.473681V10.18421h2.368421v15.63158h-2.368421v9.71053h14.210527v-9.71053h-2.368422v-7.98158l11.013164 17.36053.21316.33158H117.52632v-9.71053h-2.36842V10.18421h2.36842V.4736797h-.71053zM95.973681 26.52632v8.28947H83.184208v-8.28947h2.368421V9.47368h-2.368421V1.1842097h10.894736L106.39474 20.60526V9.47368h-2.36843V1.1842097h12.78948V9.47368h-2.36842v17.05264h2.36842v8.28947h-10.89474L93.60526 15.39474v11.13158h2.368421z\" fill=\"#ffffff\"/>\n    <path d=\"M106.39474 20.60526L94.078946 1.1842097H83.18421V9.47368h2.368421v17.05264H83.18421v8.28947h12.789473v-8.28947h-2.368421V15.39474l12.315788 19.42105h10.89474v-8.28947h-2.36842V9.47368h2.36842V1.1842097h-12.78947V9.47368h2.36842v11.13158z\" fill=\"#d00000\"/>\n    <text style=\"line-height:125%;text-align:center\" x=\"100\" y=\"50.865002\" font-weight=\"600\" font-size=\"12\" font-family=\"Tungsten\" letter-spacing=\"0\" word-spacing=\"0\" text-anchor=\"middle\" fill=\"#d00000\">\n      <tspan x=\"100\" y=\"50.865002\" class=\"student_org_first_line\">YOUR ORGANIZATION NAME</tspan>\n    </text>\n    <text style=\"line-height:125%;text-align:center\" x=\"100\" y=\"64.317627\" font-style=\"italic\" font-weight=\"600\" font-size=\"8.125\" font-family=\"Mercury Display\" letter-spacing=\"0\" word-spacing=\"0\" text-anchor=\"middle\" fill=\"#000000\">\n      <tspan x=\"100\" y=\"64.317627\">Recognized Student Organization</tspan>\n    </text>\n  </svg>',NULL,8,2,'v_student_org'),
	(18,'vertical organization 2 subject','v','/img/vertical/v_org_2_subject.png','  <svg xmlns=\"http://www.w3.org/2000/svg\" viewBox=\"0 0 200 80\">\n    <path d=\"M119.65837 35.81053c-.42632 0-.7579-.33158-.7579-.7579 0-.42631.33158-.75789.7579-.75789.40263 0 .75789.35526.75789.75789 0 .42632-.33158.7579-.75789.7579z\" fill=\"#ffffff\"/>\n    <path d=\"M119.68205 34.10526c-.54474 0-.97105.42632-.97105.94737s.42631.94737.94737.94737c.52105 0 .94736-.42632.94736-.94737s-.42631-.94737-.92368-.94737zm-.0237 1.70527c-.42632 0-.7579-.33158-.7579-.7579 0-.42631.33158-.75789.7579-.75789.40263 0 .75789.35526.75789.75789 0 .42632-.33157.7579-.75789.7579z\" fill=\"#d00000\"/>\n    <path d=\"M119.27942132 34.48421092h.33157896c.14210526 0 .1894737 0 .26052632.04736842.09473684.04736842.14210526.14210526.14210526.26052632 0 .09473684-.0236842.16578948-.07105263.2368421-.0236842.04736843-.07105263.04736843-.14210526.09473685h-.02368422l.26052633.49736844h-.1894737l-.2368421-.47368422h-.14210527v.47368422h-.18947368v-1.13684212zm.28421054.49736843h.09473684c.09473684-.0236842.14210527-.07105264.14210527-.1894737 0-.07105262-.02368422-.11842105-.09473685-.14210526h-.23684211v.33157895h.09473686zM116.81579 0h-13.97368V10.65789h2.36842v5.87369L95.073684.5447397 94.742105 0H82V10.65789h2.368421v14.68422H82V36h15.157896V25.34211H94.789475v-5.87369l10.136845 15.98684.35526.54474H118V25.34211h-2.36842V10.65789H118V 0h-1.18421zm.71053 1.18421V10.18421h-2.36842v15.63158h2.36842v9.71053H105.54211l-.21316-.33158-11.013161-17.36053v7.98158h2.368422v9.71053H82.473684v-9.71053h2.368421V10.18421h-2.368421V.4736797h11.984211l.213158.33158L105.68421 18.16579v-7.98158h-2.36842V.4736797h14.21053v.71053z\" fill=\"#d00000\"/>\n    <path d=\"M116.81579.4736797h-13.5V10.18421h2.36842v7.98158L94.67105.8052597l-.189474-.33158H82.473681V10.18421h2.368421v15.63158h-2.368421v9.71053h14.210527v-9.71053h-2.368422v-7.98158l11.013164 17.36053.21316.33158H117.52632v-9.71053h-2.36842V10.18421h2.36842V.4736797h-.71053zM95.973681 26.52632v8.28947H83.184208v-8.28947h2.368421V9.47368h-2.368421V1.1842097h10.894736L106.39474 20.60526V9.47368h-2.36843V1.1842097h12.78948V9.47368h-2.36842v17.05264h2.36842v8.28947h-10.89474L93.60526 15.39474v11.13158h2.368421z\" fill=\"#ffffff\"/>\n    <path d=\"M106.39474 20.60526L94.078946 1.1842097H83.18421V9.47368h2.368421v17.05264H83.18421v8.28947h12.789473v-8.28947h-2.368421V15.39474l12.315788 19.42105h10.89474v-8.28947h-2.36842V9.47368h2.36842V1.1842097h-12.78947V9.47368h2.36842v11.13158z\" fill=\"#d00000\"/>\n    <text style=\"line-height:125%;text-align:center\" x=\"100\" y=\"50.865002\" font-weight=\"600\" font-size=\"12\" font-family=\"Tungsten\" letter-spacing=\"0\" word-spacing=\"0\" text-anchor=\"middle\" fill=\"#d00000\">\n      <tspan x=\"100\" y=\"50.865002\" class=\"org_first_line\">ORGANIZATION NAME</tspan>\n    </text>\n    <text style=\"line-height:125%;text-align:center\" x=\"100\" y=\"62.792999\" font-weight=\"600\" font-size=\"12\" font-family=\"Tungsten\" letter-spacing=\"0\" word-spacing=\"0\" text-anchor=\"middle\" fill=\"#d00000\">\n      <tspan x=\"100\" y=\"62.792999\" class=\"org_second_line\">ORGANIZATION SECOND LINE</tspan>\n    </text>\n    <text style=\"line-height:125%;text-align:center\" x=\"100\" y=\"76.709557\" font-style=\"italic\" font-weight=\"600\" font-size=\"8.125\" font-family=\"Mercury Display\" letter-spacing=\"0\" word-spacing=\"0\" text-anchor=\"middle\" fill=\"#000000\">\n      <tspan x=\"100\" y=\"76.709557\" class=\"subject_first_line\">Subject Name</tspan>\n    </text>\n  </svg>',NULL,6,1,'v_org_2_subject'),
	(19,'vertical organization 2 subject 2','v','/img/vertical/v_org_2_subject_2.png','  <svg xmlns=\"http://www.w3.org/2000/svg\" viewBox=\"0 0 200 80\">\n    <path d=\"M119.65837 35.81053c-.42632 0-.7579-.33158-.7579-.7579 0-.42631.33158-.75789.7579-.75789.40263 0 .75789.35526.75789.75789 0 .42632-.33158.7579-.75789.7579z\" fill=\"#ffffff\"/>\n    <path d=\"M119.68205 34.10526c-.54474 0-.97105.42632-.97105.94737s.42631.94737.94737.94737c.52105 0 .94736-.42632.94736-.94737s-.42631-.94737-.92368-.94737zm-.0237 1.70527c-.42632 0-.7579-.33158-.7579-.7579 0-.42631.33158-.75789.7579-.75789.40263 0 .75789.35526.75789.75789 0 .42632-.33157.7579-.75789.7579z\" fill=\"#d00000\"/>\n    <path d=\"M119.27942132 34.48421092h.33157896c.14210526 0 .1894737 0 .26052632.04736842.09473684.04736842.14210526.14210526.14210526.26052632 0 .09473684-.0236842.16578948-.07105263.2368421-.0236842.04736843-.07105263.04736843-.14210526.09473685h-.02368422l.26052633.49736844h-.1894737l-.2368421-.47368422h-.14210527v.47368422h-.18947368v-1.13684212zm.28421054.49736843h.09473684c.09473684-.0236842.14210527-.07105264.14210527-.1894737 0-.07105262-.02368422-.11842105-.09473685-.14210526h-.23684211v.33157895h.09473686zM116.81579 0h-13.97368V10.65789h2.36842v5.87369L95.073684.5447397 94.742105 0H82V10.65789h2.368421v14.68422H82V36h15.157896V25.34211H94.789475v-5.87369l10.136845 15.98684.35526.54474H118V25.34211h-2.36842V10.65789H118V 0h-1.18421zm.71053 1.18421V10.18421h-2.36842v15.63158h2.36842v9.71053H105.54211l-.21316-.33158-11.013161-17.36053v7.98158h2.368422v9.71053H82.473684v-9.71053h2.368421V10.18421h-2.368421V.4736797h11.984211l.213158.33158L105.68421 18.16579v-7.98158h-2.36842V.4736797h14.21053v.71053z\" fill=\"#d00000\"/>\n    <path d=\"M116.81579.4736797h-13.5V10.18421h2.36842v7.98158L94.67105.8052597l-.189474-.33158H82.473681V10.18421h2.368421v15.63158h-2.368421v9.71053h14.210527v-9.71053h-2.368422v-7.98158l11.013164 17.36053.21316.33158H117.52632v-9.71053h-2.36842V10.18421h2.36842V.4736797h-.71053zM95.973681 26.52632v8.28947H83.184208v-8.28947h2.368421V9.47368h-2.368421V1.1842097h10.894736L106.39474 20.60526V9.47368h-2.36843V1.1842097h12.78948V9.47368h-2.36842v17.05264h2.36842v8.28947h-10.89474L93.60526 15.39474v11.13158h2.368421z\" fill=\"#ffffff\"/>\n    <path d=\"M106.39474 20.60526L94.078946 1.1842097H83.18421V9.47368h2.368421v17.05264H83.18421v8.28947h12.789473v-8.28947h-2.368421V15.39474l12.315788 19.42105h10.89474v-8.28947h-2.36842V9.47368h2.36842V1.1842097h-12.78947V9.47368h2.36842v11.13158z\" fill=\"#d00000\"/>\n    <text style=\"line-height:125%;text-align:center\" x=\"100\" y=\"50.865002\" font-weight=\"600\" font-size=\"12\" font-family=\"Tungsten\" letter-spacing=\"0\" word-spacing=\"0\" text-anchor=\"middle\" fill=\"#d00000\">\n        <tspan class=\"org_first_line\" x=\"100\" y=\"50.865002\">YOUR ORGANIZATION HERE</tspan>\n      </text>\n      <text style=\"line-height:125%;text-align:center\" x=\"100\" y=\"61.865002\" font-weight=\"600\" font-size=\"12\" font-family=\"Tungsten\" letter-spacing=\"0\" word-spacing=\"0\" text-anchor=\"middle\" fill=\"#d00000\">\n        <tspan class=\"org_second_line\" x=\"100\" y=\"61.865002\">ORGANIZATION SECOND LINE\n</tspan>\n      </text>\n    \n      <text style=\"line-height:125%;text-align:center\" x=\"100\" y=\"69.317627\" font-style=\"italic\" font-weight=\"600\" font-size=\"8.125\" font-family=\"Mercury Display\" letter-spacing=\"0\" word-spacing=\"0\" text-anchor=\"middle\" fill=\"#000000\">\n        <tspan x=\"100\" y=\"69.317627\" class=\"subject_first_line\">Subject First Line</tspan>\n      </text>\n      <text style=\"line-height:125%;text-align:center\" x=\"100\" y=\"78.317627\" font-style=\"italic\" font-weight=\"600\" font-size=\"8.125\" font-family=\"Mercury Display\" letter-spacing=\"0\" word-spacing=\"0\" text-anchor=\"middle\" fill=\"#000000\">\n        <tspan x=\"100\" y=\"78.317627\" class=\"subject_second_line\">Subject Name</tspan>\n      </text>\n  </svg>',NULL,7,1,'v_org_2_subject_2'),
	(20,'vertical student 2','v','/img/vertical/v_student_org_2.png','<svg xmlns=\"http://www.w3.org/2000/svg\" viewBox=\"0 0 200 80\">\n    <path d=\"M119.65837 35.81053c-.42632 0-.7579-.33158-.7579-.7579 0-.42631.33158-.75789.7579-.75789.40263 0 .75789.35526.75789.75789 0 .42632-.33158.7579-.75789.7579z\" fill=\"#ffffff\"></path>\n    <path d=\"M119.68205 34.10526c-.54474 0-.97105.42632-.97105.94737s.42631.94737.94737.94737c.52105 0 .94736-.42632.94736-.94737s-.42631-.94737-.92368-.94737zm-.0237 1.70527c-.42632 0-.7579-.33158-.7579-.7579 0-.42631.33158-.75789.7579-.75789.40263 0 .75789.35526.75789.75789 0 .42632-.33157.7579-.75789.7579z\" fill=\"#d00000\"></path>\n    <path d=\"M119.27942132 34.48421092h.33157896c.14210526 0 .1894737 0 .26052632.04736842.09473684.04736842.14210526.14210526.14210526.26052632 0 .09473684-.0236842.16578948-.07105263.2368421-.0236842.04736843-.07105263.04736843-.14210526.09473685h-.02368422l.26052633.49736844h-.1894737l-.2368421-.47368422h-.14210527v.47368422h-.18947368v-1.13684212zm.28421054.49736843h.09473684c.09473684-.0236842.14210527-.07105264.14210527-.1894737 0-.07105262-.02368422-.11842105-.09473685-.14210526h-.23684211v.33157895h.09473686zM116.81579 0h-13.97368V10.65789h2.36842v5.87369L95.073684.5447397 94.742105 0H82V10.65789h2.368421v14.68422H82V36h15.157896V25.34211H94.789475v-5.87369l10.136845 15.98684.35526.54474H118V25.34211h-2.36842V10.65789H118V 0h-1.18421zm.71053 1.18421V10.18421h-2.36842v15.63158h2.36842v9.71053H105.54211l-.21316-.33158-11.013161-17.36053v7.98158h2.368422v9.71053H82.473684v-9.71053h2.368421V10.18421h-2.368421V.4736797h11.984211l.213158.33158L105.68421 18.16579v-7.98158h-2.36842V.4736797h14.21053v.71053z\" fill=\"#d00000\"></path>\n    <path d=\"M116.81579.4736797h-13.5V10.18421h2.36842v7.98158L94.67105.8052597l-.189474-.33158H82.473681V10.18421h2.368421v15.63158h-2.368421v9.71053h14.210527v-9.71053h-2.368422v-7.98158l11.013164 17.36053.21316.33158H117.52632v-9.71053h-2.36842V10.18421h2.36842V.4736797h-.71053zM95.973681 26.52632v8.28947H83.184208v-8.28947h2.368421V9.47368h-2.368421V1.1842097h10.894736L106.39474 20.60526V9.47368h-2.36843V1.1842097h12.78948V9.47368h-2.36842v17.05264h2.36842v8.28947h-10.89474L93.60526 15.39474v11.13158h2.368421z\" fill=\"#ffffff\"></path>\n    <path d=\"M106.39474 20.60526L94.078946 1.1842097H83.18421V9.47368h2.368421v17.05264H83.18421v8.28947h12.789473v-8.28947h-2.368421V15.39474l12.315788 19.42105h10.89474v-8.28947h-2.36842V9.47368h2.36842V1.1842097h-12.78947V9.47368h2.36842v11.13158z\" fill=\"#d00000\"></path>\n    <text style=\"line-height:125%;text-align:center\" x=\"100\" y=\"50.865002\" font-weight=\"600\" font-size=\"12\" font-family=\"Tungsten\" letter-spacing=\"0\" word-spacing=\"0\" text-anchor=\"middle\" fill=\"#d00000\">\n      <tspan x=\"100\" y=\"50.865002\" class=\"student_org_first_line\">ORGANIZATION NAME</tspan>\n    </text>\n    <text style=\"line-height:125%;text-align:center\" x=\"100\" y=\"62.792999\" font-weight=\"600\" font-size=\"12\" font-family=\"Tungsten\" letter-spacing=\"0\" word-spacing=\"0\" text-anchor=\"middle\" fill=\"#d00000\">\n      <tspan x=\"100\" y=\"62.792999\" class=\"student_org_second_line\">ORGANIZATION SECOND LINE</tspan>\n    </text>\n    <text style=\"line-height:125%;text-align:center\" x=\"100\" y=\"76.709557\" font-style=\"italic\" font-weight=\"600\" font-size=\"8.125\" font-family=\"Mercury Display\" letter-spacing=\"0\" word-spacing=\"0\" text-anchor=\"middle\" fill=\"#000000\">\n      <tspan x=\"100\" y=\"76.709557\">Recognized Student Organization</tspan>\n    </text>\n  </svg>',NULL,9,2,'v_student_org_2'),
	(21,'vertical acronym','v','/img/vertical/v_acronym.png','  <svg xmlns=\"http://www.w3.org/2000/svg\" viewBox=\"0 0 200 60\">\n    <path d=\"M119.65837 35.81053c-.42632 0-.7579-.33158-.7579-.7579 0-.42631.33158-.75789.7579-.75789.40263 0 .75789.35526.75789.75789 0 .42632-.33158.7579-.75789.7579z\" fill=\"#ffffff\"/>\n    <path d=\"M119.68205 34.10526c-.54474 0-.97105.42632-.97105.94737s.42631.94737.94737.94737c.52105 0 .94736-.42632.94736-.94737s-.42631-.94737-.92368-.94737zm-.0237 1.70527c-.42632 0-.7579-.33158-.7579-.7579 0-.42631.33158-.75789.7579-.75789.40263 0 .75789.35526.75789.75789 0 .42632-.33157.7579-.75789.7579z\" fill=\"#d00000\"/>\n    <path d=\"M119.27942132 34.48421092h.33157896c.14210526 0 .1894737 0 .26052632.04736842.09473684.04736842.14210526.14210526.14210526.26052632 0 .09473684-.0236842.16578948-.07105263.2368421-.0236842.04736843-.07105263.04736843-.14210526.09473685h-.02368422l.26052633.49736844h-.1894737l-.2368421-.47368422h-.14210527v.47368422h-.18947368v-1.13684212zm.28421054.49736843h.09473684c.09473684-.0236842.14210527-.07105264.14210527-.1894737 0-.07105262-.02368422-.11842105-.09473685-.14210526h-.23684211v.33157895h.09473686zM116.81579 0h-13.97368V10.65789h2.36842v5.87369L95.073684.5447397 94.742105 0H82V10.65789h2.368421v14.68422H82V36h15.157896V25.34211H94.789475v-5.87369l10.136845 15.98684.35526.54474H118V25.34211h-2.36842V10.65789H118V 0h-1.18421zm.71053 1.18421V10.18421h-2.36842v15.63158h2.36842v9.71053H105.54211l-.21316-.33158-11.013161-17.36053v7.98158h2.368422v9.71053H82.473684v-9.71053h2.368421V10.18421h-2.368421V.4736797h11.984211l.213158.33158L105.68421 18.16579v-7.98158h-2.36842V.4736797h14.21053v.71053z\" fill=\"#d00000\"/>\n    <path d=\"M116.81579.4736797h-13.5V10.18421h2.36842v7.98158L94.67105.8052597l-.189474-.33158H82.473681V10.18421h2.368421v15.63158h-2.368421v9.71053h14.210527v-9.71053h-2.368422v-7.98158l11.013164 17.36053.21316.33158H117.52632v-9.71053h-2.36842V10.18421h2.36842V.4736797h-.71053zM95.973681 26.52632v8.28947H83.184208v-8.28947h2.368421V9.47368h-2.368421V1.1842097h10.894736L106.39474 20.60526V9.47368h-2.36843V1.1842097h12.78948V9.47368h-2.36842v17.05264h2.36842v8.28947h-10.89474L93.60526 15.39474v11.13158h2.368421z\" fill=\"#ffffff\"/>\n    <path d=\"M106.39474 20.60526L94.078946 1.1842097H83.18421V9.47368h2.368421v17.05264H83.18421v8.28947h12.789473v-8.28947h-2.368421V15.39474l12.315788 19.42105h10.89474v-8.28947h-2.36842V9.47368h2.36842V1.1842097h-12.78947V9.47368h2.36842v11.13158z\" fill=\"#d00000\"/>\n    <text style=\"line-height:125%;text-align:center\" x=\"100\" y=\"56.532001\" font-size=\"22\" font-weight=\"600\" font-family=\"Tungsten\" letter-spacing=\"0\" word-spacing=\"0\" text-anchor=\"middle\" fill=\"#d00000\">\n      <tspan x=\"100\" y=\"56.532001\" class=\"acronym_first_line\">ACRONYM</tspan>\n    </text>\n  </svg>',NULL,10,3,'v_acronym'),
	(22,'vertical acronym subject','v','/img/vertical/v_acronym_subject.png','  <svg xmlns=\"http://www.w3.org/2000/svg\" viewBox=\"0 0 200 80\">\n    <path d=\"M119.65837 35.81053c-.42632 0-.7579-.33158-.7579-.7579 0-.42631.33158-.75789.7579-.75789.40263 0 .75789.35526.75789.75789 0 .42632-.33158.7579-.75789.7579z\" fill=\"#ffffff\"/>\n    <path d=\"M119.68205 34.10526c-.54474 0-.97105.42632-.97105.94737s.42631.94737.94737.94737c.52105 0 .94736-.42632.94736-.94737s-.42631-.94737-.92368-.94737zm-.0237 1.70527c-.42632 0-.7579-.33158-.7579-.7579 0-.42631.33158-.75789.7579-.75789.40263 0 .75789.35526.75789.75789 0 .42632-.33157.7579-.75789.7579z\" fill=\"#d00000\"/>\n    <path d=\"M119.27942132 34.48421092h.33157896c.14210526 0 .1894737 0 .26052632.04736842.09473684.04736842.14210526.14210526.14210526.26052632 0 .09473684-.0236842.16578948-.07105263.2368421-.0236842.04736843-.07105263.04736843-.14210526.09473685h-.02368422l.26052633.49736844h-.1894737l-.2368421-.47368422h-.14210527v.47368422h-.18947368v-1.13684212zm.28421054.49736843h.09473684c.09473684-.0236842.14210527-.07105264.14210527-.1894737 0-.07105262-.02368422-.11842105-.09473685-.14210526h-.23684211v.33157895h.09473686zM116.81579 0h-13.97368V10.65789h2.36842v5.87369L95.073684.5447397 94.742105 0H82V10.65789h2.368421v14.68422H82V36h15.157896V25.34211H94.789475v-5.87369l10.136845 15.98684.35526.54474H118V25.34211h-2.36842V10.65789H118V 0h-1.18421zm.71053 1.18421V10.18421h-2.36842v15.63158h2.36842v9.71053H105.54211l-.21316-.33158-11.013161-17.36053v7.98158h2.368422v9.71053H82.473684v-9.71053h2.368421V10.18421h-2.368421V.4736797h11.984211l.213158.33158L105.68421 18.16579v-7.98158h-2.36842V.4736797h14.21053v.71053z\" fill=\"#d00000\"/>\n    <path d=\"M116.81579.4736797h-13.5V10.18421h2.36842v7.98158L94.67105.8052597l-.189474-.33158H82.473681V10.18421h2.368421v15.63158h-2.368421v9.71053h14.210527v-9.71053h-2.368422v-7.98158l11.013164 17.36053.21316.33158H117.52632v-9.71053h-2.36842V10.18421h2.36842V.4736797h-.71053zM95.973681 26.52632v8.28947H83.184208v-8.28947h2.368421V9.47368h-2.368421V1.1842097h10.894736L106.39474 20.60526V9.47368h-2.36843V1.1842097h12.78948V9.47368h-2.36842v17.05264h2.36842v8.28947h-10.89474L93.60526 15.39474v11.13158h2.368421z\" fill=\"#ffffff\"/>\n    <path d=\"M106.39474 20.60526L94.078946 1.1842097H83.18421V9.47368h2.368421v17.05264H83.18421v8.28947h12.789473v-8.28947h-2.368421V15.39474l12.315788 19.42105h10.89474v-8.28947h-2.36842V9.47368h2.36842V1.1842097h-12.78947V9.47368h2.36842v11.13158z\" fill=\"#d00000\"/>\n    <text style=\"line-height:125%;text-align:center\" x=\"100\" y=\"56.532001\" font-weight=\"600\" font-size=\"22\" font-family=\"Tungsten\" letter-spacing=\"0\" word-spacing=\"0\" text-anchor=\"middle\" fill=\"#d00000\">\n      <tspan x=\"100\" y=\"56.532001\" class=\"acronym_first_line\">ACRONYM</tspan>\n    </text>\n    <text style=\"line-height:125%;text-align:center\" x=\"100\" y=\"74.466499\" font-weight=\"600\" font-size=\"16.25\" font-family=\"Tungsten\" letter-spacing=\"0\" word-spacing=\"0\" text-anchor=\"middle\" fill=\"#000000\">\n      <tspan x=\"100\" y=\"74.466499\" class=\"acronym_subject\">ACRONYM SUBJECT</tspan>\n    </text>\n  </svg>',NULL,11,3,'v_acronym_subject'),
	(24,'vertical acronym 2 subject','v','/img/vertical/v_acronym_2_subject.png','  <svg xmlns=\"http://www.w3.org/2000/svg\" viewBox=\"0 0 200 100\">\n    <path d=\"M119.65837 35.81053c-.42632 0-.7579-.33158-.7579-.7579 0-.42631.33158-.75789.7579-.75789.40263 0 .75789.35526.75789.75789 0 .42632-.33158.7579-.75789.7579z\" fill=\"#ffffff\"/>\n    <path d=\"M119.68205 34.10526c-.54474 0-.97105.42632-.97105.94737s.42631.94737.94737.94737c.52105 0 .94736-.42632.94736-.94737s-.42631-.94737-.92368-.94737zm-.0237 1.70527c-.42632 0-.7579-.33158-.7579-.7579 0-.42631.33158-.75789.7579-.75789.40263 0 .75789.35526.75789.75789 0 .42632-.33157.7579-.75789.7579z\" fill=\"#d00000\"/>\n    <path d=\"M119.27942132 34.48421092h.33157896c.14210526 0 .1894737 0 .26052632.04736842.09473684.04736842.14210526.14210526.14210526.26052632 0 .09473684-.0236842.16578948-.07105263.2368421-.0236842.04736843-.07105263.04736843-.14210526.09473685h-.02368422l.26052633.49736844h-.1894737l-.2368421-.47368422h-.14210527v.47368422h-.18947368v-1.13684212zm.28421054.49736843h.09473684c.09473684-.0236842.14210527-.07105264.14210527-.1894737 0-.07105262-.02368422-.11842105-.09473685-.14210526h-.23684211v.33157895h.09473686zM116.81579 0h-13.97368V10.65789h2.36842v5.87369L95.073684.5447397 94.742105 0H82V10.65789h2.368421v14.68422H82V36h15.157896V25.34211H94.789475v-5.87369l10.136845 15.98684.35526.54474H118V25.34211h-2.36842V10.65789H118V 0h-1.18421zm.71053 1.18421V10.18421h-2.36842v15.63158h2.36842v9.71053H105.54211l-.21316-.33158-11.013161-17.36053v7.98158h2.368422v9.71053H82.473684v-9.71053h2.368421V10.18421h-2.368421V.4736797h11.984211l.213158.33158L105.68421 18.16579v-7.98158h-2.36842V.4736797h14.21053v.71053z\" fill=\"#d00000\"/>\n    <path d=\"M116.81579.4736797h-13.5V10.18421h2.36842v7.98158L94.67105.8052597l-.189474-.33158H82.473681V10.18421h2.368421v15.63158h-2.368421v9.71053h14.210527v-9.71053h-2.368422v-7.98158l11.013164 17.36053.21316.33158H117.52632v-9.71053h-2.36842V10.18421h2.36842V.4736797h-.71053zM95.973681 26.52632v8.28947H83.184208v-8.28947h2.368421V9.47368h-2.368421V1.1842097h10.894736L106.39474 20.60526V9.47368h-2.36843V1.1842097h12.78948V9.47368h-2.36842v17.05264h2.36842v8.28947h-10.89474L93.60526 15.39474v11.13158h2.368421z\" fill=\"#ffffff\"/>\n    <path d=\"M106.39474 20.60526L94.078946 1.1842097H83.18421V9.47368h2.368421v17.05264H83.18421v8.28947h12.789473v-8.28947h-2.368421V15.39474l12.315788 19.42105h10.89474v-8.28947h-2.36842V9.47368h2.36842V1.1842097h-12.78947V9.47368h2.36842v11.13158z\" fill=\"#d00000\"/>\n    <text style=\"line-height:125%;text-align:center\" x=\"100\" y=\"56.532001\" font-weight=\"600\" font-size=\"22\" font-family=\"Tungsten\" letter-spacing=\"0\" word-spacing=\"0\" text-anchor=\"middle\" fill=\"#d00000\">\n      <tspan x=\"100\" y=\"56.532001\" class=\"acronym_first_line\">ACRONYM</tspan>\n    </text>\n    <text style=\"line-height:125%;text-align:center\" x=\"100\" y=\"75.532001\" font-weight=\"600\" font-size=\"22\" font-family=\"Tungsten\" letter-spacing=\"0\" word-spacing=\"0\" text-anchor=\"middle\" fill=\"#d00000\">\n        <tspan x=\"100\" y=\"75.532001\" class=\"acronym_second_line\">ACRONYM</tspan>\n      </text>\n    <text style=\"line-height:125%;text-align:center\" x=\"100\" y=\"97.466499\" font-weight=\"600\" font-size=\"16.25\" font-family=\"Tungsten\" letter-spacing=\"0\" word-spacing=\"0\" text-anchor=\"middle\" fill=\"#000000\">\n      <tspan x=\"100\" y=\"97.466499\" class=\"acronym_subject\">ACRONYM SUBJECT</tspan>\n    </text>\n  </svg>',NULL,NULL,3,'v_acronym_2_subject'),
	(25,'horizontal ncta','h','/img/horizontal/h_ncta.png','  <svg xmlns=\"http://www.w3.org/2000/svg\" viewBox=\"0 0 200 38\">\n        <path d=\"M37.657895 35.81053c-.426316 0-.757895-.33158-.757895-.7579 0-.42631.331579-.75789.757895-.75789.402631 0 .757894.35526.757894.75789 0 .42632-.331578.7579-.757894.7579z\" fill=\"#ffffff\"/>\n        <path d=\"M37.681579 34.10526c-.544737 0-.971053.42632-.971053.94737S37.136842 36 37.657895 36c.521052 0 .947368-.42632.947368-.94737s-.426316-.94737-.923684-.94737zm-.02368 1.70527c-.426316 0-.757895-.33158-.757895-.7579 0-.42631.331579-.75789.757895-.75789.402631 0 .757894.35526.757894.75789 0 .42632-.331578.7579-.757894.7579z\" fill=\"#d00000\"/>\n        <path d=\"M37.27894812 34.48421122h.33157896c.14210526 0 .1894737 0 .26052632.04736842.09473684.04736842.14210526.14210526.14210526.26052632 0 .09473684-.0236842.16578948-.07105263.2368421-.0236842.04736843-.07105263.04736843-.14210526.09473685h-.02368422l.26052633.49736844h-.1894737l-.2368421-.47368422h-.14210527v.47368422h-.18947368v-1.13684212zm.28421054.49736843h.09473684c.09473684-.0236842.14210527-.07105264.14210527-.1894737 0-.07105262-.0236842-.11842105-.09473685-.14210526h-.23684211v.33157895h.09473686zM34.815789 0H20.842105v10.65789H23.210526v5.87369L13.073684.54474 12.742105 0H0v10.65789H2.368421v14.68422H0V36H15.157895V25.34211H12.789474v-5.87369l10.136842 15.98684.355263.54474H36V25.34211H33.631579V10.65789H36V0h-1.184211zm.710527 1.18421v9h-2.368421v15.63158h2.368421v9.71053H23.542105l-.213158-.33158-11.013158-17.36053v7.98158h2.368422v9.71053H.473684v-9.71053h2.368421V10.18421H.473684V.47368h11.984211l.213158.33158 11.013158 17.36053v-7.98158h-2.368422V.47368h14.210527v.71053z\" fill=\"#d00000\"/>\n        <path d=\"M34.815789.47368h-13.5v9.71053h2.368422v7.98158L12.671053.80526l-.189474-.33158H.473684v9.71053h2.368421v15.63158H.473684v9.71053h14.210527v-9.71053h-2.368422v-7.98158l11.013158 17.36053.213158.33158h11.984211v-9.71053h-2.368421V10.18421h2.368421V.47368h-.710527zM13.973684 26.52632v8.28947H1.184211v-8.28947h2.368421V9.47368H1.184211V1.18421h10.894736l12.31579 19.42105V9.47368h-2.368421V1.18421h12.789473v8.28947h-2.368421v17.05264h2.368421v8.28947H23.921053l-12.31579-19.42105v11.13158h2.368421z\" fill=\"#ffffff\"/>\n        <path d=\"M24.394737 20.60526L12.078947 1.18421H1.184211v8.28947h2.368421v17.05264H1.184211v8.28947h12.789473v-8.28947h-2.368421V15.39474l12.31579 19.42105h10.894736v-8.28947h-2.368421V9.47368h2.368421V1.18421H22.026316v8.28947h2.368421v11.13158z\" fill=\"#d00000\"/>\n        <text style=\"line-height:125%;text-align:start\" x=\"44\" y=\"25.528\" font-weight=\"600\" font-size=\"22\" font-family=\"Tungsten\" letter-spacing=\"0\" word-spacing=\"0\" writing-mode=\"lr\" fill=\"#d00000\">\n          <tspan>NCTA</tspan>\n        </text>\n        <text style=\"line-height:125%;text-align:start\" x=\"44\" y=\"35.807255\" font-style=\"italic\" font-weight=\"600\" font-size=\"8.125\" font-family=\"Mercury Display\" letter-spacing=\"0\" word-spacing=\"0\" writing-mode=\"lr\" fill=\"#000000\">\n          <tspan class=\"subject_first_line\">Subject Line</tspan>\n        </text>\n      </svg>',NULL,28,4,'h_ncta'),
	(26,'vertical extension','v','/img/vertical/v_extension.png','  <svg xmlns=\"http://www.w3.org/2000/svg\" viewBox=\"0 0 200 80\">\n    <path d=\"M119.65837 35.81053c-.42632 0-.7579-.33158-.7579-.7579 0-.42631.33158-.75789.7579-.75789.40263 0 .75789.35526.75789.75789 0 .42632-.33158.7579-.75789.7579z\" fill=\"#ffffff\"/>\n    <path d=\"M119.68205 34.10526c-.54474 0-.97105.42632-.97105.94737s.42631.94737.94737.94737c.52105 0 .94736-.42632.94736-.94737s-.42631-.94737-.92368-.94737zm-.0237 1.70527c-.42632 0-.7579-.33158-.7579-.7579 0-.42631.33158-.75789.7579-.75789.40263 0 .75789.35526.75789.75789 0 .42632-.33157.7579-.75789.7579z\" fill=\"#d00000\"/>\n    <path d=\"M119.27942132 34.48421092h.33157896c.14210526 0 .1894737 0 .26052632.04736842.09473684.04736842.14210526.14210526.14210526.26052632 0 .09473684-.0236842.16578948-.07105263.2368421-.0236842.04736843-.07105263.04736843-.14210526.09473685h-.02368422l.26052633.49736844h-.1894737l-.2368421-.47368422h-.14210527v.47368422h-.18947368v-1.13684212zm.28421054.49736843h.09473684c.09473684-.0236842.14210527-.07105264.14210527-.1894737 0-.07105262-.02368422-.11842105-.09473685-.14210526h-.23684211v.33157895h.09473686zM116.81579 0h-13.97368V10.65789h2.36842v5.87369L95.073684.5447397 94.742105 0H82V10.65789h2.368421v14.68422H82V36h15.157896V25.34211H94.789475v-5.87369l10.136845 15.98684.35526.54474H118V25.34211h-2.36842V10.65789H118V 0h-1.18421zm.71053 1.18421V10.18421h-2.36842v15.63158h2.36842v9.71053H105.54211l-.21316-.33158-11.013161-17.36053v7.98158h2.368422v9.71053H82.473684v-9.71053h2.368421V10.18421h-2.368421V.4736797h11.984211l.213158.33158L105.68421 18.16579v-7.98158h-2.36842V.4736797h14.21053v.71053z\" fill=\"#d00000\"/>\n    <path d=\"M116.81579.4736797h-13.5V10.18421h2.36842v7.98158L94.67105.8052597l-.189474-.33158H82.473681V10.18421h2.368421v15.63158h-2.368421v9.71053h14.210527v-9.71053h-2.368422v-7.98158l11.013164 17.36053.21316.33158H117.52632v-9.71053h-2.36842V10.18421h2.36842V.4736797h-.71053zM95.973681 26.52632v8.28947H83.184208v-8.28947h2.368421V9.47368h-2.368421V1.1842097h10.894736L106.39474 20.60526V9.47368h-2.36843V1.1842097h12.78948V9.47368h-2.36842v17.05264h2.36842v8.28947h-10.89474L93.60526 15.39474v11.13158h2.368421z\" fill=\"#ffffff\"/>\n    <path d=\"M106.39474 20.60526L94.078946 1.1842097H83.18421V9.47368h2.368421v17.05264H83.18421v8.28947h12.789473v-8.28947h-2.368421V15.39474l12.315788 19.42105h10.89474v-8.28947h-2.36842V9.47368h2.36842V1.1842097h-12.78947V9.47368h2.36842v11.13158z\" fill=\"#d00000\"/>\n    <text style=\"line-height:125%;text-align:center\" x=\"100\" y=\"56.532001\" font-weight=\"600\" font-size=\"22\" font-family=\"Tungsten\" letter-spacing=\"0\" word-spacing=\"0\" text-anchor=\"middle\" fill=\"#d00000\">\n        <tspan x=\"100\" y=\"56.532001\">EXTENSION</tspan>\n      </text>\n    <text style=\"line-height:125%;text-align:center\" x=\"100\" y=\"70.358627\" font-style=\"italic\" font-weight=\"600\" font-size=\"8.125\" font-family=\"Mercury Display\" letter-spacing=\"0\" word-spacing=\"0\" text-anchor=\"middle\" fill=\"#000000\">\n      <tspan x=\"100\" y=\"70.358627\" class=\"extension\">County</tspan>\n    </text>\n  </svg>',NULL,13,4,'v_extension'),
	(27,'vertical extension 4h','v','/img/vertical/v_extension_4h.png','<svg xmlns=\"http://www.w3.org/2000/svg\" viewBox=\"0 0 200 80\">\n    <path fill=\"#d00000\"\n        d=\"M56.2339,46l6.664,0l0,2.716l-3.668,0l0,5.544l3.528,0l0,2.716l-3.528,0l0,5.908l3.724,0l0,2.716l-6.72,0l0-19.6z M74.0797,46l-2.688,9.688l2.744,9.912l-3.08,0l-1.652-7.028l-1.764,7.028l-2.884,0l2.744-9.66l-2.688-9.94l3.08,0l1.624,7l1.68-7l2.884,0z M81.2015,65.6l-2.996,0l0-16.884l-2.688,0l0-2.716l8.372,0l0,2.716l-2.688,0l0,16.884z M85.8033,46l6.664,0l0,2.716l-3.668,0l0,5.544l3.528,0l0,2.716l-3.528,0l0,5.908l3.724,0l0,2.716l-6.72,0l0-19.6z M103.8171,65.6l-3.248,0l-3.052-13.188l0.028,3.444l0,9.744l-2.688,0l0-19.6l3.5,0l2.8,12.096l-0.028-3.276l0-8.82l2.688,0l0,19.6z M113.0949,55.548c1.316,0.952,1.736,1.792,1.736,3.388l0,3.192c0,2.436-1.204,3.64-3.64,3.64l-1.316,0c-2.436,0-3.612-1.204-3.612-3.612l0-4.144l2.912,0l0,4.032c0,0.756,0.364,1.12,1.148,1.12l0.392,0c0.784,0,1.148-0.364,1.148-1.12l0-2.688c0-0.812-0.28-1.176-0.84-1.596l-3.024-2.212c-1.344-0.952-1.736-1.876-1.736-3.388l0-2.688c0-2.436,1.204-3.64,3.64-3.64l1.26,0c2.408,0,3.612,1.204,3.612,3.612l0,3.556l-2.94,0l0-3.444c0-0.756-0.364-1.12-1.12-1.12l-0.364,0c-0.756,0-1.12,0.364-1.12,1.12l0,2.184c0,0.812,0.28,1.204,0.84,1.596z M120.2167,46l0,19.6l-2.996,0l0-19.6l2.996,0z M131.5945,62.128c0,2.436-1.204,3.64-3.64,3.64l-1.596,0c-2.436,0-3.64-1.204-3.64-3.64l0-12.656c0-2.436,1.204-3.64,3.64-3.64l1.596,0c2.436,0,3.64,1.204,3.64,3.64l0,12.656z M128.5985,49.612c0-0.784-0.364-1.148-1.12-1.148l-0.616,0c-0.784,0-1.148,0.364-1.148,1.148l0,12.376c0,0.784,0.364,1.148,1.148,1.148l0.616,0c0.756,0,1.12-0.364,1.12-1.148l0-12.376z M143.0283,65.6l-3.248,0l-3.052-13.188l0.028,3.444l0,9.744l-2.688,0l0-19.6l3.5,0l2.8,12.096l-0.028-3.276l0-8.82l2.688,0l0,19.6z\" />\n    <path fill=\"#d00000\" transform=\"translate(50.5 0.1)\"\n        d=\"M42.79 36.46       a .76 .76 0 1 0 1.52 0         .76 .76 0 1 0 -1.52 0     m -.19 0     a .95 .95 0 1 0 1.9 0     .95 .95 0 1 0 -1.9 0\" />\n    <path fill=\"#d00000\" transform=\"translate(50.5 0.1)\"\n        d=\"M41.42,2.6v9H39V27.23h2.37v9.71h-12l-.21-.33-11-17.35v8h2.37v9.71H6.37V27.23H8.73V11.6H6.37V1.89h12l.21.33,11,17.35v-8H27.21V1.89H41.42Zm-.71-1.18h-14V12.07H29.1v5.87L19,2l-.35-.55H5.89V12.07H8.26V26.75H5.89V37.41H21V26.75H18.68V20.89l10.13,16,.35.55H41.89V26.75H39.52V12.07h2.37V1.41Z\" />\n    <path fill=\"#d00000\" transform=\"translate(56, 0)\"\n        d=\"M24.75,22.12L24.75 22.12 12.43 2.7 1.54 2.7 1.54 10.99 3.91 10.99 3.91 28.04 1.54 28.04 1.54 36.33 14.33 36.33 14.33 28.04 11.96 28.04 11.96 16.91 24.28 36.33 35.17 36.33 35.17 28.04 32.8 28.04 32.8 10.99 35.17 10.99 35.17 2.7 22.38 2.7 22.38 10.99 24.75 10.99 24.75 22.12z\" />\n    <path fill=\"#d00000\" transform=\"translate(50.5 0.1)\"\n        d=\"M43.46 36.39h.09a.17 .17,0,0,0,.14 -.18 .13 .13,0,0,0 -.09 -.14h -.24v.34Zm-.29 -.5h.33a.54 .54,0,0,1,.25,0,.29 .29,0,0,1,.15 .27 .34 .34,0,0,1 -.08 .23 .37 .37,0,0,1 -.13 .09h0l .26 .51h -.19l -.25 -.48h -.13V37h -.19Z\" />\n    <path fill=\"#129a63\" transform=\"translate(144.6758,24.75) rotate(180) scale(-1,1)\"\n        d=\"M 0,0 C 0.043,-1.596 -0.626,-2.857 -1.375,-3.591 -1.853,-4.06 -2.473,-4.264 -2.961,-4.647 -3.408,-4.998 -3.925,-5.511 -4.23,-6.073 -4.515,-6.598 -4.55,-7.139 -4.759,-7.552 -5.232,-8.487 -6.088,-9.297 -7.138,-9.77 c -2.089,-0.941 -4.443,0.226 -5.552,1.214 -0.81,0.723 -1.752,1.868 -2.221,3.011 -0.528,1.286 -0.877,3.177 -1.163,4.858 -0.067,0.392 -0.169,1.387 -0.529,1.426 -0.983,0.108 -0.542,-3.036 -0.476,-3.855 0.361,-4.453 1.786,-7.509 3.701,-10.087 l -3.331,0 c -1.722,2.837 -2.364,7.326 -2.009,12.2 0.046,0.631 0.162,1.617 -0.159,1.742 -0.65,0.255 -0.712,-0.845 -0.793,-1.267 -0.297,-1.566 -0.58,-3.64 -1.11,-4.964 -0.799,-1.998 -3.091,-4.355 -5.552,-4.595 -2.255,-0.22 -3.885,1.121 -4.6,2.482 -0.226,0.429 -0.306,0.975 -0.582,1.479 -0.297,0.542 -0.738,1.074 -1.163,1.426 -0.416,0.343 -0.92,0.491 -1.322,0.792 -0.846,0.631 -2.202,2.448 -1.692,4.383 0.235,0.892 1.119,2.31 1.745,2.905 0.889,0.846 2.278,1.807 3.754,2.112 1.61,0.333 4.377,0.159 6.345,0.159 0.62,0 1.616,-0.154 1.692,0.37 0.091,0.63 -1.038,0.65 -1.692,0.686 -1.976,0.109 -4.881,0.089 -6.504,0.634 -2.352,0.79 -4.811,3.171 -4.811,5.968 0,1.353 0.568,2.431 1.322,3.168 0.776,0.761 1.72,1.021 2.485,1.532 1.433,0.957 1.626,2.374 2.644,3.433 0.692,0.719 1.947,1.441 3.225,1.479 1.798,0.052 3.119,-0.757 4.071,-1.532 0.627,-0.51 1.209,-1.28 1.692,-2.007 1.239,-1.866 1.069,-4.991 1.269,-7.922 0.042,-0.61 0.159,-1.214 0.582,-1.214 0.629,0 0.62,1.637 0.634,1.901 0.126,2.351 0.224,5.139 0.899,6.601 0.964,2.085 3.215,4.143 5.817,4.173 1.671,0.018 2.982,-0.766 3.807,-1.849 0.744,-0.977 1.171,-2.393 2.432,-3.169 0.851,-0.523 1.823,-0.836 2.485,-1.531 1.507,-1.584 1.5,-4.436 0.106,-6.285 -1.041,-1.381 -2.84,-2.712 -5.076,-3.01 -1.321,-0.176 -3.923,-0.343 -5.605,-0.423 -0.675,-0.032 -1.457,-0.03 -1.428,-0.581 0.032,-0.594 1.062,-0.422 1.692,-0.422 3.1,0 6.263,0.202 8.249,-0.792 C -1.874,3.865 -0.431,2.073 0,0\" />\n    <path fill=\"#129a63\" transform=\"translate(140.91,34.26) rotate(180) scale(-1,1)\"\n        d=\"M 0,0 -0.128,-0.168 -0.761,0.316 C -0.751,0.211 -0.764,0.106 -0.8,0.002 l -0.152,0.117 c 0.019,0.054 0.028,0.123 0.028,0.204 -0.001,0.082 -0.021,0.153 -0.059,0.213 L -0.879,0.671 0,0 Z\" />\n    <path fill=\"#129a63\" transform=\"translate(140.737,33.5) rotate(180) scale(-1,1)\"\n        d=\"m 0,0 c -0.052,-0.029 -0.101,-0.042 -0.148,-0.037 -0.047,0.005 -0.09,0.022 -0.128,0.051 -0.065,0.05 -0.102,0.114 -0.109,0.192 -0.008,0.078 0.02,0.159 0.084,0.243 0.064,0.083 0.135,0.132 0.213,0.145 C -0.011,0.607 0.061,0.589 0.126,0.539 0.167,0.508 0.195,0.47 0.21,0.425 0.226,0.38 0.227,0.332 0.215,0.281 0.271,0.314 0.328,0.329 0.385,0.326 0.442,0.322 0.495,0.302 0.544,0.265 0.625,0.203 0.671,0.127 0.682,0.037 0.693,-0.054 0.666,-0.141 0.601,-0.227 0.54,-0.306 0.468,-0.357 0.386,-0.377 0.289,-0.402 0.197,-0.381 0.111,-0.316 0.064,-0.279 0.029,-0.234 0.007,-0.181 -0.015,-0.127 -0.017,-0.067 0,0 m -0.142,0.163 c 0.033,-0.025 0.066,-0.036 0.1,-0.031 0.033,0.004 0.062,0.022 0.086,0.054 0.024,0.032 0.034,0.065 0.03,0.098 C 0.07,0.318 0.051,0.347 0.017,0.373 -0.014,0.397 -0.047,0.407 -0.08,0.402 -0.114,0.398 -0.142,0.38 -0.166,0.349 -0.191,0.317 -0.201,0.284 -0.196,0.25 -0.192,0.216 -0.174,0.187 -0.142,0.163 m 0.363,-0.301 c 0.046,-0.036 0.091,-0.052 0.135,-0.048 0.045,0.004 0.08,0.024 0.107,0.059 0.027,0.035 0.036,0.073 0.029,0.115 C 0.484,0.03 0.457,0.069 0.41,0.105 0.368,0.136 0.326,0.15 0.284,0.146 0.241,0.142 0.206,0.122 0.179,0.087 0.147,0.046 0.138,0.004 0.151,-0.038 c 0.013,-0.041 0.036,-0.075 0.07,-0.1\" />\n    <path fill=\"#129a63\" transform=\"translate(141.0319,32.28) rotate(180) scale(-1,1)\"\n        d=\"m 0,0 0.135,0.176 0.474,-0.361 c 0.075,-0.058 0.125,-0.093 0.151,-0.105 0.042,-0.02 0.084,-0.024 0.128,-0.012 0.043,0.012 0.084,0.042 0.121,0.091 0.039,0.05 0.057,0.096 0.056,0.137 C 1.064,-0.033 1.051,0.002 1.025,0.03 0.999,0.058 0.952,0.098 0.882,0.151 L 0.399,0.52 0.534,0.697 0.993,0.346 C 1.098,0.266 1.169,0.204 1.205,0.161 1.241,0.119 1.264,0.073 1.274,0.025 1.285,-0.024 1.282,-0.076 1.267,-0.133 1.252,-0.189 1.218,-0.252 1.165,-0.321 1.101,-0.404 1.043,-0.46 0.991,-0.489 0.938,-0.517 0.887,-0.532 0.837,-0.533 0.787,-0.535 0.742,-0.527 0.702,-0.509 0.643,-0.482 0.565,-0.431 0.467,-0.356 L 0,0 Z\" />\n    <path fill=\"#129a63\" transform=\"translate(142.26,31.9) rotate(180) scale(-1,1)\"\n        d=\"M 0,0 0.115,0.184 C 0.181,0.151 0.239,0.139 0.291,0.151 0.342,0.161 0.388,0.194 0.43,0.248 0.473,0.305 0.494,0.357 0.492,0.404 0.49,0.452 0.473,0.488 0.441,0.512 0.42,0.528 0.398,0.535 0.374,0.535 0.35,0.533 0.321,0.522 0.288,0.5 0.265,0.485 0.216,0.447 0.141,0.388 0.045,0.311 -0.035,0.266 -0.098,0.254 c -0.09,-0.017 -0.169,0.001 -0.238,0.054 -0.045,0.034 -0.077,0.079 -0.096,0.134 -0.02,0.055 -0.021,0.114 -0.005,0.177 0.016,0.063 0.049,0.128 0.101,0.195 0.084,0.11 0.171,0.174 0.262,0.193 C 0.017,1.025 0.104,1.005 0.187,0.946 L 0.058,0.764 C 0.007,0.791 -0.038,0.8 -0.076,0.79 -0.115,0.78 -0.154,0.751 -0.192,0.701 -0.231,0.649 -0.251,0.601 -0.252,0.556 -0.253,0.527 -0.242,0.503 -0.22,0.486 -0.199,0.47 -0.174,0.465 -0.146,0.472 -0.11,0.48 -0.049,0.519 0.037,0.589 0.123,0.66 0.193,0.707 0.246,0.732 0.299,0.757 0.354,0.766 0.409,0.761 0.465,0.755 0.52,0.732 0.576,0.689 0.626,0.651 0.662,0.601 0.685,0.54 0.707,0.478 0.709,0.414 0.692,0.347 0.674,0.28 0.636,0.208 0.578,0.132 0.493,0.021 0.402,-0.045 0.305,-0.065 0.209,-0.085 0.107,-0.063 0,0\" />\n    <path fill=\"#129a63\" transform=\"translate(143.3116,30.35) rotate(180) scale(-1,1)\"\n        d=\"m 0,0 0.185,0.13 c 0.076,-0.1 0.114,-0.198 0.114,-0.295 0,-0.096 -0.036,-0.191 -0.108,-0.285 -0.089,-0.116 -0.201,-0.181 -0.338,-0.195 -0.136,-0.015 -0.274,0.031 -0.411,0.136 -0.146,0.111 -0.23,0.235 -0.253,0.372 -0.023,0.136 0.012,0.266 0.106,0.388 0.082,0.107 0.18,0.17 0.294,0.188 0.068,0.011 0.145,0 0.23,-0.034 L -0.273,0.199 C -0.326,0.223 -0.378,0.229 -0.43,0.216 -0.481,0.203 -0.525,0.174 -0.561,0.127 -0.61,0.062 -0.627,-0.008 -0.612,-0.084 c 0.016,-0.076 0.076,-0.153 0.18,-0.233 0.11,-0.084 0.204,-0.124 0.281,-0.12 0.078,0.003 0.141,0.037 0.19,0.101 0.035,0.047 0.051,0.098 0.047,0.155 C 0.082,-0.124 0.053,-0.064 0,0\" />\n    <path fill=\"#129a63\" transform=\"translate(143.4054,29.43) rotate(180) scale(-1,1)\"\n        d=\"M 0,0 -0.156,0.119 0.283,0.692 0.404,0.599 C 0.415,0.516 0.445,0.417 0.495,0.301 0.544,0.186 0.608,0.078 0.687,-0.023 0.765,-0.124 0.844,-0.203 0.921,-0.262 L 0.797,-0.424 C 0.678,-0.329 0.574,-0.209 0.484,-0.066 0.395,0.077 0.33,0.226 0.292,0.381 L 0,0 Z\" />\n    <path fill=\"#129a63\" transform=\"translate(143.971,28.3368) rotate(180) scale(-1,1)\"\n        d=\"M 0,0 C 0.065,0.084 0.146,0.127 0.243,0.129 0.358,0.131 0.498,0.068 0.664,-0.058 0.83,-0.185 0.927,-0.304 0.955,-0.417 0.979,-0.509 0.958,-0.598 0.894,-0.683 0.829,-0.767 0.744,-0.811 0.638,-0.813 0.533,-0.815 0.396,-0.752 0.228,-0.623 0.064,-0.498 -0.033,-0.378 -0.062,-0.266 -0.085,-0.173 -0.065,-0.085 0,0 M 0.139,-0.106 C 0.123,-0.126 0.116,-0.149 0.117,-0.175 0.118,-0.2 0.132,-0.23 0.159,-0.265 0.193,-0.309 0.262,-0.371 0.365,-0.449 0.467,-0.528 0.542,-0.577 0.588,-0.596 0.635,-0.615 0.67,-0.621 0.695,-0.615 c 0.025,0.005 0.045,0.018 0.06,0.038 0.015,0.02 0.023,0.043 0.022,0.069 -0.001,0.026 -0.015,0.056 -0.042,0.09 C 0.701,-0.374 0.632,-0.312 0.53,-0.234 0.427,-0.155 0.352,-0.106 0.306,-0.087 0.26,-0.068 0.224,-0.062 0.199,-0.067 0.174,-0.073 0.154,-0.086 0.139,-0.106\" />\n    <path fill=\"#129a63\" transform=\"translate(144.4453,28.0718) rotate(180) scale(-1,1)\"\n        d=\"M 0,0 -0.156,0.119 0.283,0.692 0.404,0.599 C 0.415,0.516 0.445,0.417 0.495,0.302 0.544,0.186 0.608,0.078 0.687,-0.023 c 0.078,-0.1 0.157,-0.18 0.234,-0.239 L 0.797,-0.424 C 0.678,-0.329 0.574,-0.209 0.484,-0.066 0.395,0.077 0.331,0.226 0.292,0.381 L 0,0 Z\" />\n    <path fill=\"#ffffff\" transform=\"translate(56, 0)\"\n        d=\"M63.09,15.01L58.08 10.15 59.06 9.14 61.03 11.05 62.96 9.07 60.99 7.16 61.97 6.16 66.97 11.02 65.99 12.02 63.8 9.89 61.88 11.87 64.07 14 63.09 15.01z\" />\n    <path fill=\"#ffffff\" transform=\"translate(56, 0)\"\n        d=\"M74.49,10.89L79.55 6.08 80.52 7.1 78.52 8.99 80.43 10.99 82.42 9.1 83.39 10.12 78.33 14.93 77.36 13.91 79.58 11.8 77.67 9.8 75.45 11.9 74.49 10.89z\" />\n    <path fill=\"#ffffff\" transform=\"translate(56, 0)\"\n        d=\"M79.17,21.77L84.6 26.16 83.72 27.25 81.58 25.52 79.84 27.67 81.98 29.4 81.1 30.49 75.67 26.11 76.55 25.02 78.93 26.93 80.67 24.79 78.29 22.87 79.17 21.77z\" />\n    <path fill=\"#ffffff\" transform=\"translate(56, 0)\"\n        d=\"M65.96,25.93L60.65 30.45 59.74 29.38 61.83 27.6 60.04 25.5 57.94 27.27 57.03 26.2 62.35 21.68 63.26 22.75 60.93 24.73 62.73 26.84 65.05 24.86 65.96 25.93\" />\n    <path fill=\"#000000\" transform=\"translate(50.5 0.1)\" stroke=\"#000000\" stroke-width=\"0.5pt\" d=\"M51,0 L51,39 Z\" />\n    <text style=\"line-height:125%;text-align:center\" x=\"100\" y=\"76.317627\" font-style=\"italic\" font-weight=\"600\"\n    font-size=\"8.125\" font-family=\"Mercury Display\" letter-spacing=\"0\" word-spacing=\"0\" text-anchor=\"middle\"\n    fill=\"#000000\">\n    <tspan x=\"100\" y=\"76.317627\" class=\"extension\">Recognized Student Organization</tspan>\n</text>\n</svg>',NULL,NULL,4,'v_extension_4h'),
	(28,'vertical ncta','v','/img/vertical/v_ncta.png','<svg xmlns=\"http://www.w3.org/2000/svg\" viewBox=\"0 0 200 70\">\n    <path d=\"M119.65837 35.81053c-.42632 0-.7579-.33158-.7579-.7579 0-.42631.33158-.75789.7579-.75789.40263 0 .75789.35526.75789.75789 0 .42632-.33158.7579-.75789.7579z\" fill=\"#ffffff\"/>\n    <path d=\"M119.68205 34.10526c-.54474 0-.97105.42632-.97105.94737s.42631.94737.94737.94737c.52105 0 .94736-.42632.94736-.94737s-.42631-.94737-.92368-.94737zm-.0237 1.70527c-.42632 0-.7579-.33158-.7579-.7579 0-.42631.33158-.75789.7579-.75789.40263 0 .75789.35526.75789.75789 0 .42632-.33157.7579-.75789.7579z\" fill=\"#d00000\"/>\n    <path d=\"M119.27942132 34.48421092h.33157896c.14210526 0 .1894737 0 .26052632.04736842.09473684.04736842.14210526.14210526.14210526.26052632 0 .09473684-.0236842.16578948-.07105263.2368421-.0236842.04736843-.07105263.04736843-.14210526.09473685h-.02368422l.26052633.49736844h-.1894737l-.2368421-.47368422h-.14210527v.47368422h-.18947368v-1.13684212zm.28421054.49736843h.09473684c.09473684-.0236842.14210527-.07105264.14210527-.1894737 0-.07105262-.02368422-.11842105-.09473685-.14210526h-.23684211v.33157895h.09473686zM116.81579 0h-13.97368V10.65789h2.36842v5.87369L95.073684.5447397 94.742105 0H82V10.65789h2.368421v14.68422H82V36h15.157896V25.34211H94.789475v-5.87369l10.136845 15.98684.35526.54474H118V25.34211h-2.36842V10.65789H118V 0h-1.18421zm.71053 1.18421V10.18421h-2.36842v15.63158h2.36842v9.71053H105.54211l-.21316-.33158-11.013161-17.36053v7.98158h2.368422v9.71053H82.473684v-9.71053h2.368421V10.18421h-2.368421V.4736797h11.984211l.213158.33158L105.68421 18.16579v-7.98158h-2.36842V.4736797h14.21053v.71053z\" fill=\"#d00000\"/>\n    <path d=\"M116.81579.4736797h-13.5V10.18421h2.36842v7.98158L94.67105.8052597l-.189474-.33158H82.473681V10.18421h2.368421v15.63158h-2.368421v9.71053h14.210527v-9.71053h-2.368422v-7.98158l11.013164 17.36053.21316.33158H117.52632v-9.71053h-2.36842V10.18421h2.36842V.4736797h-.71053zM95.973681 26.52632v8.28947H83.184208v-8.28947h2.368421V9.47368h-2.368421V1.1842097h10.894736L106.39474 20.60526V9.47368h-2.36843V1.1842097h12.78948V9.47368h-2.36842v17.05264h2.36842v8.28947h-10.89474L93.60526 15.39474v11.13158h2.368421z\" fill=\"#ffffff\"/>\n    <path d=\"M106.39474 20.60526L94.078946 1.1842097H83.18421V9.47368h2.368421v17.05264H83.18421v8.28947h12.789473v-8.28947h-2.368421V15.39474l12.315788 19.42105h10.89474v-8.28947h-2.36842V9.47368h2.36842V1.1842097h-12.78947V9.47368h2.36842v11.13158z\" fill=\"#d00000\"/>\n    <text style=\"line-height:125%;text-align:center\" x=\"100\" y=\"55.865002\" font-weight=\"600\" font-size=\"22\" font-family=\"Tungsten\" letter-spacing=\"0\" word-spacing=\"0\" text-anchor=\"middle\" fill=\"#d00000\">\n      <tspan x=\"100\" y=\"55.865002\">NCTA</tspan>\n    </text>\n    <text style=\"line-height:125%;text-align:center\" x=\"100\" y=\"64.317627\" font-style=\"italic\" font-weight=\"600\" font-size=\"8.125\" font-family=\"Mercury Display\" letter-spacing=\"0\" word-spacing=\"0\" text-anchor=\"middle\" fill=\"#000000\">\n      <tspan x=\"100\" y=\"64.317627\" class=\"subject_first_line\">Subject Name</tspan>\n    </text>\n  </svg>',NULL,25,4,'v_ncta'),
	(29,'vertical social','v','/img/vertical/v_social.png','<svg xmlns=\"http://www.w3.org/2000/svg\" viewBox=\"50 -20 100 100\" width=\"300\">\n    <path fill=\"#d00000\" d=\"M-100 -100 L300 -100 L300 100 L-100 100 Z\" />\n    <text style=\"line-height:125%;text-align:center\" x=\"100\" y=\"60.532001\" font-size=\"22\" font-weight=\"600\" font-family=\"Tungsten\" letter-spacing=\"0.5\" word-spacing=\"0\" text-anchor=\"middle\" fill=\"#ffffff\">\n        <tspan x=\"100\" y=\"60.532001\" class=\"acronym_first_line\">ACRONYM</tspan>\n      </text>\n    <path fill=\"#ffffff\"\n        d=\"M119.68205 34.10526c-.54474 0-.97105.42632-.97105.94737s.42631.94737.94737.94737c.52105 0 .94736-.42632.94736-.94737s-.42631-.94737-.92368-.94737zm-.0237 1.70527c-.42632 0-.7579-.33158-.7579-.7579 0-.42631.33158-.75789.7579-.75789.40263 0 .75789.35526.75789.75789 0 .42632-.33157.7579-.75789.7579z\" />\n    <path fill=\"#ffffff\"\n        d=\"M106.39474 20.60526L94.078946 1.1842097H83.18421V9.47368h2.368421v17.05264H83.18421v8.28947h12.789473v-8.28947h-2.368421V15.39474l12.315788 19.42105h10.89474v-8.28947h-2.36842V9.47368h2.36842V1.1842097h-12.78947V9.47368h2.36842v11.13158z\" />\n    <path fill=\"#ffffff\"\n        d=\"M119.27942132 34.48421092h.33157896c.14210526 0 .1894737 0 .26052632.04736842.09473684.04736842.14210526.14210526.14210526.26052632 0 .09473684-.0236842.16578948-.07105263.2368421-.0236842.04736843-.07105263.04736843-.14210526.09473685h-.02368422l.26052633.49736844h-.1894737l-.2368421-.47368422h-.14210527v.47368422h-.18947368v-1.13684212zm.28421054.49736843h.09473684c.09473684-.0236842.14210527-.07105264.14210527-.1894737 0-.07105262-.02368422-.11842105-.09473685-.14210526h-.23684211v.33157895h.09473686zM116.81579 0h-13.97368V10.65789h2.36842v5.87369L95.073684.5447397 94.742105 0H82V10.65789h2.368421v14.68422H82V36h15.157896V25.34211H94.789475v-5.87369l10.136845 15.98684.35526.54474H118V25.34211h-2.36842V10.65789H118V 0h-1.18421zm.71053 1.18421V10.18421h-2.36842v15.63158h2.36842v9.71053H105.54211l-.21316-.33158-11.013161-17.36053v7.98158h2.368422v9.71053H82.473684v-9.71053h2.368421V10.18421h-2.368421V.4736797h11.984211l.213158.33158L105.68421 18.16579v-7.98158h-2.36842V.4736797h14.21053v.71053z\" />\n</svg>',NULL,NULL,4,'v_social');

/*!40000 ALTER TABLE `lockup_templates` ENABLE KEYS */;
UNLOCK TABLES;


# Dump of table lockup_templates_categories
# ------------------------------------------------------------

DROP TABLE IF EXISTS `lockup_templates_categories`;

CREATE TABLE `lockup_templates_categories` (
  `id` int NOT NULL AUTO_INCREMENT,
  `name` varchar(100) COLLATE utf8mb4_unicode_ci DEFAULT NULL,
  `slug` varchar(100) COLLATE utf8mb4_unicode_ci DEFAULT NULL,
  PRIMARY KEY (`id`)
) ENGINE=InnoDB AUTO_INCREMENT=5 DEFAULT CHARSET=utf8mb4 COLLATE=utf8mb4_unicode_ci;

LOCK TABLES `lockup_templates_categories` WRITE;
/*!40000 ALTER TABLE `lockup_templates_categories` DISABLE KEYS */;

INSERT INTO `lockup_templates_categories` (`id`, `name`, `slug`)
VALUES
	(1,'Organization','cat_org'),
	(2,'Student Organization','cat_student'),
	(3,'Acronym','cat_acronym'),
	(4,'Miscelleneous','cat_misc');

/*!40000 ALTER TABLE `lockup_templates_categories` ENABLE KEYS */;
UNLOCK TABLES;


# Dump of table lockup_templates_fields
# ------------------------------------------------------------

DROP TABLE IF EXISTS `lockup_templates_fields`;

CREATE TABLE `lockup_templates_fields` (
  `id` int NOT NULL AUTO_INCREMENT,
  `type` varchar(30) COLLATE utf8mb4_unicode_ci DEFAULT NULL,
  `length` int DEFAULT NULL,
  `name` varchar(100) COLLATE utf8mb4_unicode_ci DEFAULT NULL,
  `slug` varchar(100) COLLATE utf8mb4_unicode_ci DEFAULT NULL,
  `placeholder` varchar(100) COLLATE utf8mb4_unicode_ci DEFAULT NULL,
  `value` varchar(100) COLLATE utf8mb4_unicode_ci DEFAULT NULL,
  `uppercase` int DEFAULT NULL,
  PRIMARY KEY (`id`)
) ENGINE=InnoDB AUTO_INCREMENT=12 DEFAULT CHARSET=utf8mb4 COLLATE=utf8mb4_unicode_ci;

LOCK TABLES `lockup_templates_fields` WRITE;
/*!40000 ALTER TABLE `lockup_templates_fields` DISABLE KEYS */;

INSERT INTO `lockup_templates_fields` (`id`, `type`, `length`, `name`, `slug`, `placeholder`, `value`, `uppercase`)
VALUES
	(1,'text',31,'Organization','org_first_line','Your Organization Here','YOUR ORGANIZATION HERE',1),
	(2,'text',31,'Organization Second Line','org_second_line','Organization Second Line','ORGANIZATION SECOND LINE',1),
	(3,'text',40,'Subject','subject_first_line','Subject Name','Subject Name',NULL),
	(4,'text',40,'Subject Second Line','subject_second_line','Subject Second Line','Subject Second Line',NULL),
	(5,'text',10,'Acronym','acronym_first_line','Acronym','ACRONYM',1),
	(6,'text',10,'Acronym Second Line','acronym_second_line','Acronym Second','SECOND',1),
	(7,'text',15,'Acronym Subject','acronym_subject','Acronym Subject','ACRONYM SUBJECT',NULL),
	(8,'text',40,'Extension County','extension','Extension','Extension',NULL),
	(9,'text',31,'Student Organization','student_org_first_line','Student Organization','STUDENT ORGANIZATION',1),
	(10,'text',31,'Student Organization Second Line','student_org_second_line','Student Organization Second Line','Student Organization Second Line',1);

/*!40000 ALTER TABLE `lockup_templates_fields` ENABLE KEYS */;
UNLOCK TABLES;


# Dump of table lockup_templates_fields_map
# ------------------------------------------------------------

DROP TABLE IF EXISTS `lockup_templates_fields_map`;

CREATE TABLE `lockup_templates_fields_map` (
  `id` int NOT NULL AUTO_INCREMENT,
  `lockup_template_id` int DEFAULT NULL,
  `lockup_fields_id` int DEFAULT NULL,
  PRIMARY KEY (`id`),
  KEY `IDX_3BC2632751871A21` (`lockup_template_id`),
  KEY `IDX_3BC26327BD6108B9` (`lockup_fields_id`),
  CONSTRAINT `FK_3BC2632751871A21` FOREIGN KEY (`lockup_template_id`) REFERENCES `lockup_templates` (`id`),
  CONSTRAINT `FK_3BC26327BD6108B9` FOREIGN KEY (`lockup_fields_id`) REFERENCES `lockup_templates_fields` (`id`)
) ENGINE=InnoDB AUTO_INCREMENT=56 DEFAULT CHARSET=utf8mb4 COLLATE=utf8mb4_unicode_ci;

LOCK TABLES `lockup_templates_fields_map` WRITE;
/*!40000 ALTER TABLE `lockup_templates_fields_map` DISABLE KEYS */;

INSERT INTO `lockup_templates_fields_map` (`id`, `lockup_template_id`, `lockup_fields_id`)
VALUES
	(1,1,1),
	(2,2,1),
	(3,2,2),
	(4,3,1),
	(5,3,3),
	(6,4,1),
	(7,5,1),
	(8,5,3),
	(9,5,4),
	(10,6,1),
	(11,6,2),
	(12,6,3),
	(13,7,1),
	(14,7,2),
	(15,7,3),
	(16,7,4),
	(17,8,9),
	(18,9,9),
	(19,9,10),
	(20,10,5),
	(21,11,5),
	(22,11,7),
	(23,13,8),
	(24,14,1),
	(25,14,2),
	(26,15,1),
	(27,15,3),
	(28,16,1),
	(29,16,3),
	(30,16,4),
	(31,17,9),
	(32,18,1),
	(33,18,2),
	(34,18,3),
	(35,19,1),
	(36,19,2),
	(37,19,3),
	(38,19,4),
	(39,20,9),
	(40,20,10),
	(41,21,5),
	(42,22,5),
	(43,22,7),
	(48,24,5),
	(49,24,6),
	(50,24,7),
	(51,25,3),
	(52,26,8),
	(53,27,8),
	(54,28,3),
	(55,29,5);

/*!40000 ALTER TABLE `lockup_templates_fields_map` ENABLE KEYS */;
UNLOCK TABLES;


# Dump of table lockups
# ------------------------------------------------------------

DROP TABLE IF EXISTS `lockups`;

CREATE TABLE `lockups` (
  `id` int NOT NULL AUTO_INCREMENT,
  `template_id` int NOT NULL,
  `approver` int NOT NULL,
  `status` int NOT NULL,
  `user_id` int DEFAULT NULL,
  `preview_h` longtext COLLATE utf8mb4_unicode_ci,
  `preview_v` longtext COLLATE utf8mb4_unicode_ci,
  `institution` varchar(255) COLLATE utf8mb4_unicode_ci DEFAULT NULL,
  `department` varchar(255) COLLATE utf8mb4_unicode_ci DEFAULT NULL,
  `generating` int NOT NULL DEFAULT '0',
  `is_generated` int NOT NULL DEFAULT '0',
  `creative_feedback` longtext COLLATE utf8mb4_unicode_ci,
  `communicator_feedback` longtext COLLATE utf8mb4_unicode_ci,
  `creative_status` int NOT NULL DEFAULT '0',
  `communicator_status` int NOT NULL DEFAULT '0',
  PRIMARY KEY (`id`),
  KEY `IDX_AE64CA345DA0FB8` (`template_id`),
  KEY `IDX_AE64CA34A76ED395` (`user_id`),
  CONSTRAINT `FK_AE64CA345DA0FB8` FOREIGN KEY (`template_id`) REFERENCES `lockup_templates` (`id`),
  CONSTRAINT `FK_AE64CA34A76ED395` FOREIGN KEY (`user_id`) REFERENCES `users` (`id`)
) ENGINE=InnoDB AUTO_INCREMENT=25 DEFAULT CHARSET=utf8mb4 COLLATE=utf8mb4_unicode_ci;

LOCK TABLES `lockups` WRITE;
/*!40000 ALTER TABLE `lockups` DISABLE KEYS */;

INSERT INTO `lockups` (`id`, `template_id`, `approver`, `status`, `user_id`, `preview_h`, `preview_v`, `institution`, `department`, `generating`, `is_generated`, `creative_feedback`, `communicator_feedback`, `creative_status`, `communicator_status`)
VALUES
	(22,1,0,0,1,'<?xml version=\"1.0\"?>\n<svg version=\"1.1\" xmlns=\"http://www.w3.org/2000/svg\" class=\"preview\" viewBox=\"0 0 60.8168 36\"><path fill=\"#d00000\" d=\"M46.556,22.15l-1.284,0l0-7.236l-1.152,0l0-1.164l3.588,0l0,1.164l-1.152,0l0,7.236z M48.5282,13.75l2.856,0l0,1.164l-1.572,0l0,2.376l1.512,0l0,1.164l-1.512,0l0,2.532l1.596,0l0,1.164l-2.88,0l0-8.4z M55.3004,17.842c0.564,0.408,0.744,0.768,0.744,1.452l0,1.368c0,1.044-0.516,1.56-1.56,1.56l-0.564,0c-1.044,0-1.548-0.516-1.548-1.548l0-1.776l1.248,0l0,1.728c0,0.324,0.156,0.48,0.492,0.48l0.168,0c0.336,0,0.492-0.156,0.492-0.48l0-1.152c0-0.348-0.12-0.504-0.36-0.684l-1.296-0.948c-0.576-0.408-0.744-0.804-0.744-1.452l0-1.152c0-1.044,0.516-1.56,1.56-1.56l0.54,0c1.032,0,1.548,0.516,1.548,1.548l0,1.524l-1.26,0l0-1.476c0-0.324-0.156-0.48-0.48-0.48l-0.156,0c-0.324,0-0.48,0.156-0.48,0.48l0,0.936c0,0.348,0.12,0.516,0.36,0.684z M59.2286,22.15l-1.284,0l0-7.236l-1.152,0l0-1.164l3.588,0l0,1.164l-1.152,0l0,7.236z\"/><path fill=\"#d00000\" d=\"M37.681579 34.10526c-.544737 0-.971053.42632-.971053.94737S37.136842 36 37.657895 36c.521052 0 .947368-.42632.947368-.94737s-.426316-.94737-.923684-.94737zm-.02368 1.70527c-.426316 0-.757895-.33158-.757895-.7579 0-.42631.331579-.75789.757895-.75789.402631 0 .757894.35526.757894.75789 0 .42632-.331578.7579-.757894.7579z\"/><path fill=\"#ffffff\" d=\"M34.815789.47368h-13.5v9.71053h2.368422v7.98158L12.671053.80526l-.189474-.33158H.473684v9.71053h2.368421v15.63158H.473684v9.71053h14.210527v-9.71053h-2.368422v-7.98158l11.013158 17.36053.213158.33158h11.984211v-9.71053h-2.368421V10.18421h2.368421V.47368h-.710527zM13.973684 26.52632v8.28947H1.184211v-8.28947h2.368421V9.47368H1.184211V1.18421h10.894736l12.31579 19.42105V9.47368h-2.368421V1.18421h12.789473v8.28947h-2.368421v17.05264h2.368421v8.28947H23.921053l-12.31579-19.42105v11.13158h2.368421z\"/><path fill=\"#ffffff\" d=\"M37.657895 35.81053c-.426316 0-.757895-.33158-.757895-.7579 0-.42631.331579-.75789.757895-.75789.402631 0 .757894.35526.757894.75789 0 .42632-.331578.7579-.757894.7579z\"/><path fill=\"#d00000\" d=\"M24.394737 20.60526L12.078947 1.18421H1.184211v8.28947h2.368421v17.05264H1.184211v8.28947h12.789473v-8.28947h-2.368421V15.39474l12.31579 19.42105h10.894736v-8.28947h-2.368421V9.47368h2.368421V1.18421H22.026316v8.28947h2.368421v11.13158z\"/><path fill=\"#d00000\" d=\"M37.27894812 34.48421122h.33157896c.14210526 0 .1894737 0 .26052632.04736842.09473684.04736842.14210526.14210526.14210526.26052632 0 .09473684-.0236842.16578948-.07105263.2368421-.0236842.04736843-.07105263.04736843-.14210526.09473685h-.02368422l.26052633.49736844h-.1894737l-.2368421-.47368422h-.14210527v.47368422h-.18947368v-1.13684212zm.28421054.49736843h.09473684c.09473684-.0236842.14210527-.07105264.14210527-.1894737 0-.07105262-.0236842-.11842105-.09473685-.14210526h-.23684211v.33157895h.09473686zM34.815789 0H20.842105v10.65789H23.210526v5.87369L13.073684.54474 12.742105 0H0v10.65789H2.368421v14.68422H0V36H15.157895V25.34211H12.789474v-5.87369l10.136842 15.98684.355263.54474H36V25.34211H33.631579V10.65789H36V0h-1.184211zm.710527 1.18421v9h-2.368421v15.63158h2.368421v9.71053H23.542105l-.213158-.33158-11.013158-17.36053v7.98158h2.368422v9.71053H.473684v-9.71053h2.368421V10.18421H.473684V.47368h11.984211l.213158.33158 11.013158 17.36053v-7.98158h-2.368422V.47368h14.210527v.71053z\"/></svg>\n','<?xml version=\"1.0\"?>\n<svg version=\"1.1\" xmlns=\"http://www.w3.org/2000/svg\" class=\"preview\" viewBox=\"0 0 200 80\"><path fill=\"#d00000\" d=\"M94.1476,51.4l-1.284,0l0-7.236l-1.152,0l0-1.164l3.588,0l0,1.164l-1.152,0l0,7.236z M96.1198,43l2.856,0l0,1.164l-1.572,0l0,2.376l1.512,0l0,1.164l-1.512,0l0,2.532l1.596,0l0,1.164l-2.88,0l0-8.4z M102.892,47.092c0.564,0.408,0.744,0.768,0.744,1.452l0,1.368c0,1.044-0.516,1.56-1.56,1.56l-0.564,0c-1.044,0-1.548-0.516-1.548-1.548l0-1.776l1.248,0l0,1.728c0,0.324,0.156,0.48,0.492,0.48l0.168,0c0.336,0,0.492-0.156,0.492-0.48l0-1.152c0-0.348-0.12-0.504-0.36-0.684l-1.296-0.948c-0.576-0.408-0.744-0.804-0.744-1.452l0-1.152c0-1.044,0.516-1.56,1.56-1.56l0.54,0c1.032,0,1.548,0.516,1.548,1.548l0,1.524l-1.26,0l0-1.476c0-0.324-0.156-0.48-0.48-0.48l-0.156,0c-0.324,0-0.48,0.156-0.48,0.48l0,0.936c0,0.348,0.12,0.516,0.36,0.684z M106.8202,51.4l-1.284,0l0-7.236l-1.152,0l0-1.164l3.588,0l0,1.164l-1.152,0l0,7.236z\"/><path fill=\"#d00000\" d=\"M119.68205 34.10526c-.54474 0-.97105.42632-.97105.94737s.42631.94737.94737.94737c.52105 0 .94736-.42632.94736-.94737s-.42631-.94737-.92368-.94737zm-.0237 1.70527c-.42632 0-.7579-.33158-.7579-.7579 0-.42631.33158-.75789.7579-.75789.40263 0 .75789.35526.75789.75789 0 .42632-.33157.7579-.75789.7579z\"/><path fill=\"#ffffff\" d=\"M116.81579.4736797h-13.5V10.18421h2.36842v7.98158L94.67105.8052597l-.189474-.33158H82.473681V10.18421h2.368421v15.63158h-2.368421v9.71053h14.210527v-9.71053h-2.368422v-7.98158l11.013164 17.36053.21316.33158H117.52632v-9.71053h-2.36842V10.18421h2.36842V.4736797h-.71053zM95.973681 26.52632v8.28947H83.184208v-8.28947h2.368421V9.47368h-2.368421V1.1842097h10.894736L106.39474 20.60526V9.47368h-2.36843V1.1842097h12.78948V9.47368h-2.36842v17.05264h2.36842v8.28947h-10.89474L93.60526 15.39474v11.13158h2.368421z\"/><path fill=\"#ffffff\" d=\"M119.65837 35.81053c-.42632 0-.7579-.33158-.7579-.7579 0-.42631.33158-.75789.7579-.75789.40263 0 .75789.35526.75789.75789 0 .42632-.33158.7579-.75789.7579z\"/><path fill=\"#d00000\" d=\"M106.39474 20.60526L94.078946 1.1842097H83.18421V9.47368h2.368421v17.05264H83.18421v8.28947h12.789473v-8.28947h-2.368421V15.39474l12.315788 19.42105h10.89474v-8.28947h-2.36842V9.47368h2.36842V1.1842097h-12.78947V9.47368h2.36842v11.13158z\"/><path fill=\"#d00000\" d=\"M119.27942132 34.48421092h.33157896c.14210526 0 .1894737 0 .26052632.04736842.09473684.04736842.14210526.14210526.14210526.26052632 0 .09473684-.0236842.16578948-.07105263.2368421-.0236842.04736843-.07105263.04736843-.14210526.09473685h-.02368422l.26052633.49736844h-.1894737l-.2368421-.47368422h-.14210527v.47368422h-.18947368v-1.13684212zm.28421054.49736843h.09473684c.09473684-.0236842.14210527-.07105264.14210527-.1894737 0-.07105262-.02368422-.11842105-.09473685-.14210526h-.23684211v.33157895h.09473686zM116.81579 0h-13.97368V10.65789h2.36842v5.87369L95.073684.5447397 94.742105 0H82V10.65789h2.368421v14.68422H82V36h15.157896V25.34211H94.789475v-5.87369l10.136845 15.98684.35526.54474H118V25.34211h-2.36842V10.65789H118V 0h-1.18421zm.71053 1.18421V10.18421h-2.36842v15.63158h2.36842v9.71053H105.54211l-.21316-.33158-11.013161-17.36053v7.98158h2.368422v9.71053H82.473684v-9.71053h2.368421V10.18421h-2.368421V.4736797h11.984211l.213158.33158L105.68421 18.16579v-7.98158h-2.36842V.4736797h14.21053v.71053z\"/></svg>\n','','',0,1,'apple','fjidfjfd',0,1),
	(23,1,0,0,1,'<?xml version=\"1.0\"?>\n<svg version=\"1.1\" xmlns=\"http://www.w3.org/2000/svg\" class=\"preview\" viewBox=\"0 0 59.7446 36\"><path fill=\"#d00000\" d=\"M48.224,22.15l-1.392,0l-1.308-5.652l0.012,1.476l0,4.176l-1.152,0l0-8.4l1.5,0l1.2,5.184l-0.012-1.404l0-3.78l1.152,0l0,8.4z M49.3082,13.75l2.856,0l0,1.164l-1.572,0l0,2.376l1.512,0l0,1.164l-1.512,0l0,2.532l1.596,0l0,1.164l-2.88,0l0-8.4z M56.7884,13.75l0.648,5.988l0.6-5.988l1.176,0l-1.02,8.4l-1.512,0l-0.576-5.064l-0.552,5.064l-1.524,0l-1.02-8.4l1.296,0l0.6,5.988l0.648-5.988l1.236,0z\"/><path fill=\"#d00000\" d=\"M37.681579 34.10526c-.544737 0-.971053.42632-.971053.94737S37.136842 36 37.657895 36c.521052 0 .947368-.42632.947368-.94737s-.426316-.94737-.923684-.94737zm-.02368 1.70527c-.426316 0-.757895-.33158-.757895-.7579 0-.42631.331579-.75789.757895-.75789.402631 0 .757894.35526.757894.75789 0 .42632-.331578.7579-.757894.7579z\"/><path fill=\"#ffffff\" d=\"M34.815789.47368h-13.5v9.71053h2.368422v7.98158L12.671053.80526l-.189474-.33158H.473684v9.71053h2.368421v15.63158H.473684v9.71053h14.210527v-9.71053h-2.368422v-7.98158l11.013158 17.36053.213158.33158h11.984211v-9.71053h-2.368421V10.18421h2.368421V.47368h-.710527zM13.973684 26.52632v8.28947H1.184211v-8.28947h2.368421V9.47368H1.184211V1.18421h10.894736l12.31579 19.42105V9.47368h-2.368421V1.18421h12.789473v8.28947h-2.368421v17.05264h2.368421v8.28947H23.921053l-12.31579-19.42105v11.13158h2.368421z\"/><path fill=\"#ffffff\" d=\"M37.657895 35.81053c-.426316 0-.757895-.33158-.757895-.7579 0-.42631.331579-.75789.757895-.75789.402631 0 .757894.35526.757894.75789 0 .42632-.331578.7579-.757894.7579z\"/><path fill=\"#d00000\" d=\"M24.394737 20.60526L12.078947 1.18421H1.184211v8.28947h2.368421v17.05264H1.184211v8.28947h12.789473v-8.28947h-2.368421V15.39474l12.31579 19.42105h10.894736v-8.28947h-2.368421V9.47368h2.368421V1.18421H22.026316v8.28947h2.368421v11.13158z\"/><path fill=\"#d00000\" d=\"M37.27894812 34.48421122h.33157896c.14210526 0 .1894737 0 .26052632.04736842.09473684.04736842.14210526.14210526.14210526.26052632 0 .09473684-.0236842.16578948-.07105263.2368421-.0236842.04736843-.07105263.04736843-.14210526.09473685h-.02368422l.26052633.49736844h-.1894737l-.2368421-.47368422h-.14210527v.47368422h-.18947368v-1.13684212zm.28421054.49736843h.09473684c.09473684-.0236842.14210527-.07105264.14210527-.1894737 0-.07105262-.0236842-.11842105-.09473685-.14210526h-.23684211v.33157895h.09473686zM34.815789 0H20.842105v10.65789H23.210526v5.87369L13.073684.54474 12.742105 0H0v10.65789H2.368421v14.68422H0V36H15.157895V25.34211H12.789474v-5.87369l10.136842 15.98684.355263.54474H36V25.34211H33.631579V10.65789H36V0h-1.184211zm.710527 1.18421v9h-2.368421v15.63158h2.368421v9.71053H23.542105l-.213158-.33158-11.013158-17.36053v7.98158h2.368422v9.71053H.473684v-9.71053h2.368421V10.18421H.473684V.47368h11.984211l.213158.33158 11.013158 17.36053v-7.98158h-2.368422V.47368h14.210527v.71053z\"/></svg>\n','<?xml version=\"1.0\"?>\n<svg version=\"1.1\" xmlns=\"http://www.w3.org/2000/svg\" class=\"preview\" viewBox=\"0 0 200 80\"><path fill=\"#d00000\" d=\"M96.3517,51.4l-1.392,0l-1.308-5.652l0.012,1.476l0,4.176l-1.152,0l0-8.4l1.5,0l1.2,5.184l-0.012-1.404l0-3.78l1.152,0l0,8.4z M97.4359,43l2.856,0l0,1.164l-1.572,0l0,2.376l1.512,0l0,1.164l-1.512,0l0,2.532l1.596,0l0,1.164l-2.88,0l0-8.4z M104.9161,43l0.648,5.988l0.6-5.988l1.176,0l-1.02,8.4l-1.512,0l-0.576-5.064l-0.552,5.064l-1.524,0l-1.02-8.4l1.296,0l0.6,5.988l0.648-5.988l1.236,0z\"/><path fill=\"#d00000\" d=\"M119.68205 34.10526c-.54474 0-.97105.42632-.97105.94737s.42631.94737.94737.94737c.52105 0 .94736-.42632.94736-.94737s-.42631-.94737-.92368-.94737zm-.0237 1.70527c-.42632 0-.7579-.33158-.7579-.7579 0-.42631.33158-.75789.7579-.75789.40263 0 .75789.35526.75789.75789 0 .42632-.33157.7579-.75789.7579z\"/><path fill=\"#ffffff\" d=\"M116.81579.4736797h-13.5V10.18421h2.36842v7.98158L94.67105.8052597l-.189474-.33158H82.473681V10.18421h2.368421v15.63158h-2.368421v9.71053h14.210527v-9.71053h-2.368422v-7.98158l11.013164 17.36053.21316.33158H117.52632v-9.71053h-2.36842V10.18421h2.36842V.4736797h-.71053zM95.973681 26.52632v8.28947H83.184208v-8.28947h2.368421V9.47368h-2.368421V1.1842097h10.894736L106.39474 20.60526V9.47368h-2.36843V1.1842097h12.78948V9.47368h-2.36842v17.05264h2.36842v8.28947h-10.89474L93.60526 15.39474v11.13158h2.368421z\"/><path fill=\"#ffffff\" d=\"M119.65837 35.81053c-.42632 0-.7579-.33158-.7579-.7579 0-.42631.33158-.75789.7579-.75789.40263 0 .75789.35526.75789.75789 0 .42632-.33158.7579-.75789.7579z\"/><path fill=\"#d00000\" d=\"M106.39474 20.60526L94.078946 1.1842097H83.18421V9.47368h2.368421v17.05264H83.18421v8.28947h12.789473v-8.28947h-2.368421V15.39474l12.315788 19.42105h10.89474v-8.28947h-2.36842V9.47368h2.36842V1.1842097h-12.78947V9.47368h2.36842v11.13158z\"/><path fill=\"#d00000\" d=\"M119.27942132 34.48421092h.33157896c.14210526 0 .1894737 0 .26052632.04736842.09473684.04736842.14210526.14210526.14210526.26052632 0 .09473684-.0236842.16578948-.07105263.2368421-.0236842.04736843-.07105263.04736843-.14210526.09473685h-.02368422l.26052633.49736844h-.1894737l-.2368421-.47368422h-.14210527v.47368422h-.18947368v-1.13684212zm.28421054.49736843h.09473684c.09473684-.0236842.14210527-.07105264.14210527-.1894737 0-.07105262-.02368422-.11842105-.09473685-.14210526h-.23684211v.33157895h.09473686zM116.81579 0h-13.97368V10.65789h2.36842v5.87369L95.073684.5447397 94.742105 0H82V10.65789h2.368421v14.68422H82V36h15.157896V25.34211H94.789475v-5.87369l10.136845 15.98684.35526.54474H118V25.34211h-2.36842V10.65789H118V 0h-1.18421zm.71053 1.18421V10.18421h-2.36842v15.63158h2.36842v9.71053H105.54211l-.21316-.33158-11.013161-17.36053v7.98158h2.368422v9.71053H82.473684v-9.71053h2.368421V10.18421h-2.368421V.4736797h11.984211l.213158.33158L105.68421 18.16579v-7.98158h-2.36842V.4736797h14.21053v.71053z\"/></svg>\n','','',0,1,NULL,NULL,0,0),
	(24,2,0,0,1,'<?xml version=\"1.0\"?>\n<svg version=\"1.1\" xmlns=\"http://www.w3.org/2000/svg\" class=\"preview\" viewBox=\"0 0 61.5368 36\"><path fill=\"#d00000\" d=\"M45.668,11.79l1.236,0l0-3.54l1.284,0l0,8.4l-1.284,0l0-3.696l-1.236,0l0,3.696l-1.284,0l0-8.4l1.284,0l0,3.54z M49.2722,8.25l2.856,0l0,1.164l-1.572,0l0,2.376l1.512,0l0,1.164l-1.512,0l0,2.532l1.596,0l0,1.164l-2.88,0l0-8.4z M54.4364,11.79l1.236,0l0-3.54l1.284,0l0,8.4l-1.284,0l0-3.696l-1.236,0l0,3.696l-1.284,0l0-8.4l1.284,0l0,3.54z M58.0406,8.25l2.856,0l0,1.164l-1.572,0l0,2.376l1.512,0l0,1.164l-1.512,0l0,2.532l1.596,0l0,1.164l-2.88,0l0-8.4z\"/><path fill=\"#d00000\" d=\"\"/><path fill=\"#d00000\" d=\"M37.681579 34.10526c-.544737 0-.971053.42632-.971053.94737S37.136842 36 37.657895 36c.521052 0 .947368-.42632.947368-.94737s-.426316-.94737-.923684-.94737zm-.02368 1.70527c-.426316 0-.757895-.33158-.757895-.7579 0-.42631.331579-.75789.757895-.75789.402631 0 .757894.35526.757894.75789 0 .42632-.331578.7579-.757894.7579z\"/><path fill=\"#ffffff\" d=\"M34.815789.47368h-13.5v9.71053h2.368422v7.98158L12.671053.80526l-.189474-.33158H.473684v9.71053h2.368421v15.63158H.473684v9.71053h14.210527v-9.71053h-2.368422v-7.98158l11.013158 17.36053.213158.33158h11.984211v-9.71053h-2.368421V10.18421h2.368421V.47368h-.710527zM13.973684 26.52632v8.28947H1.184211v-8.28947h2.368421V9.47368H1.184211V1.18421h10.894736l12.31579 19.42105V9.47368h-2.368421V1.18421h12.789473v8.28947h-2.368421v17.05264h2.368421v8.28947H23.921053l-12.31579-19.42105v11.13158h2.368421z\"/><path fill=\"#ffffff\" d=\"M37.657895 35.81053c-.426316 0-.757895-.33158-.757895-.7579 0-.42631.331579-.75789.757895-.75789.402631 0 .757894.35526.757894.75789 0 .42632-.331578.7579-.757894.7579z\"/><path fill=\"#d00000\" d=\"M24.394737 20.60526L12.078947 1.18421H1.184211v8.28947h2.368421v17.05264H1.184211v8.28947h12.789473v-8.28947h-2.368421V15.39474l12.31579 19.42105h10.894736v-8.28947h-2.368421V9.47368h2.368421V1.18421H22.026316v8.28947h2.368421v11.13158z\"/><path fill=\"#d00000\" d=\"M37.27894812 34.48421122h.33157896c.14210526 0 .1894737 0 .26052632.04736842.09473684.04736842.14210526.14210526.14210526.26052632 0 .09473684-.0236842.16578948-.07105263.2368421-.0236842.04736843-.07105263.04736843-.14210526.09473685h-.02368422l.26052633.49736844h-.1894737l-.2368421-.47368422h-.14210527v.47368422h-.18947368v-1.13684212zm.28421054.49736843h.09473684c.09473684-.0236842.14210527-.07105264.14210527-.1894737 0-.07105262-.0236842-.11842105-.09473685-.14210526h-.23684211v.33157895h.09473686zM34.815789 0H20.842105v10.65789H23.210526v5.87369L13.073684.54474 12.742105 0H0v10.65789H2.368421v14.68422H0V36H15.157895V25.34211H12.789474v-5.87369l10.136842 15.98684.355263.54474H36V25.34211H33.631579V10.65789H36V0h-1.184211zm.710527 1.18421v9h-2.368421v15.63158h2.368421v9.71053H23.542105l-.213158-.33158-11.013158-17.36053v7.98158h2.368422v9.71053H.473684v-9.71053h2.368421V10.18421H.473684V.47368h11.984211l.213158.33158 11.013158 17.36053v-7.98158h-2.368422V.47368h14.210527v.71053z\"/></svg>\n','<?xml version=\"1.0\"?>\n<svg version=\"1.1\" xmlns=\"http://www.w3.org/2000/svg\" class=\"preview\" viewBox=\"0 0 200 80\"><path fill=\"#d00000\" d=\"M92.8996,46.54l1.236,0l0-3.54l1.284,0l0,8.4l-1.284,0l0-3.696l-1.236,0l0,3.696l-1.284,0l0-8.4l1.284,0l0,3.54z M96.5038,43l2.856,0l0,1.164l-1.572,0l0,2.376l1.512,0l0,1.164l-1.512,0l0,2.532l1.596,0l0,1.164l-2.88,0l0-8.4z M101.668,46.54l1.236,0l0-3.54l1.284,0l0,8.4l-1.284,0l0-3.696l-1.236,0l0,3.696l-1.284,0l0-8.4l1.284,0l0,3.54z M105.2722,43l2.856,0l0,1.164l-1.572,0l0,2.376l1.512,0l0,1.164l-1.512,0l0,2.532l1.596,0l0,1.164l-2.88,0l0-8.4z\"/><path fill=\"#d00000\" d=\"\"/><path fill=\"#d00000\" d=\"M119.68205 34.10526c-.54474 0-.97105.42632-.97105.94737s.42631.94737.94737.94737c.52105 0 .94736-.42632.94736-.94737s-.42631-.94737-.92368-.94737zm-.0237 1.70527c-.42632 0-.7579-.33158-.7579-.7579 0-.42631.33158-.75789.7579-.75789.40263 0 .75789.35526.75789.75789 0 .42632-.33157.7579-.75789.7579z\"/><path fill=\"#ffffff\" d=\"M116.81579.4736797h-13.5V10.18421h2.36842v7.98158L94.67105.8052597l-.189474-.33158H82.473681V10.18421h2.368421v15.63158h-2.368421v9.71053h14.210527v-9.71053h-2.368422v-7.98158l11.013164 17.36053.21316.33158H117.52632v-9.71053h-2.36842V10.18421h2.36842V.4736797h-.71053zM95.973681 26.52632v8.28947H83.184208v-8.28947h2.368421V9.47368h-2.368421V1.1842097h10.894736L106.39474 20.60526V9.47368h-2.36843V1.1842097h12.78948V9.47368h-2.36842v17.05264h2.36842v8.28947h-10.89474L93.60526 15.39474v11.13158h2.368421z\"/><path fill=\"#ffffff\" d=\"M119.65837 35.81053c-.42632 0-.7579-.33158-.7579-.7579 0-.42631.33158-.75789.7579-.75789.40263 0 .75789.35526.75789.75789 0 .42632-.33158.7579-.75789.7579z\"/><path fill=\"#d00000\" d=\"M106.39474 20.60526L94.078946 1.1842097H83.18421V9.47368h2.368421v17.05264H83.18421v8.28947h12.789473v-8.28947h-2.368421V15.39474l12.315788 19.42105h10.89474v-8.28947h-2.36842V9.47368h2.36842V1.1842097h-12.78947V9.47368h2.36842v11.13158z\"/><path fill=\"#d00000\" d=\"M119.27942132 34.48421092h.33157896c.14210526 0 .1894737 0 .26052632.04736842.09473684.04736842.14210526.14210526.14210526.26052632 0 .09473684-.0236842.16578948-.07105263.2368421-.0236842.04736843-.07105263.04736843-.14210526.09473685h-.02368422l.26052633.49736844h-.1894737l-.2368421-.47368422h-.14210527v.47368422h-.18947368v-1.13684212zm.28421054.49736843h.09473684c.09473684-.0236842.14210527-.07105264.14210527-.1894737 0-.07105262-.02368422-.11842105-.09473685-.14210526h-.23684211v.33157895h.09473686zM116.81579 0h-13.97368V10.65789h2.36842v5.87369L95.073684.5447397 94.742105 0H82V10.65789h2.368421v14.68422H82V36h15.157896V25.34211H94.789475v-5.87369l10.136845 15.98684.35526.54474H118V25.34211h-2.36842V10.65789H118V 0h-1.18421zm.71053 1.18421V10.18421h-2.36842v15.63158h2.36842v9.71053H105.54211l-.21316-.33158-11.013161-17.36053v7.98158h2.368422v9.71053H82.473684v-9.71053h2.368421V10.18421h-2.368421V.4736797h11.984211l.213158.33158L105.68421 18.16579v-7.98158h-2.36842V.4736797h14.21053v.71053z\"/></svg>\n','','',0,1,NULL,NULL,0,0);

/*!40000 ALTER TABLE `lockups` ENABLE KEYS */;
UNLOCK TABLES;


# Dump of table lockups_fields
# ------------------------------------------------------------

DROP TABLE IF EXISTS `lockups_fields`;

CREATE TABLE `lockups_fields` (
  `id` int NOT NULL AUTO_INCREMENT,
  `lockup_id` int DEFAULT NULL,
  `fields_id` int DEFAULT NULL,
  `value` varchar(100) COLLATE utf8mb4_unicode_ci DEFAULT NULL,
  PRIMARY KEY (`id`),
  KEY `IDX_AA8F07234EF5AEE9` (`lockup_id`),
  KEY `IDX_AA8F07232C5439AE` (`fields_id`),
  CONSTRAINT `FK_AA8F07232C5439AE` FOREIGN KEY (`fields_id`) REFERENCES `lockup_templates_fields` (`id`),
  CONSTRAINT `FK_AA8F07234EF5AEE9` FOREIGN KEY (`lockup_id`) REFERENCES `lockups` (`id`)
) ENGINE=InnoDB AUTO_INCREMENT=283 DEFAULT CHARSET=utf8mb4 COLLATE=utf8mb4_unicode_ci;

LOCK TABLES `lockups_fields` WRITE;
/*!40000 ALTER TABLE `lockups_fields` DISABLE KEYS */;

INSERT INTO `lockups_fields` (`id`, `lockup_id`, `fields_id`, `value`)
VALUES
	(280,22,1,'test'),
	(281,23,1,'new'),
	(282,24,1,'hehe');

/*!40000 ALTER TABLE `lockups_fields` ENABLE KEYS */;
UNLOCK TABLES;


# Dump of table messenger_messages
# ------------------------------------------------------------

DROP TABLE IF EXISTS `messenger_messages`;

CREATE TABLE `messenger_messages` (
  `id` bigint NOT NULL AUTO_INCREMENT,
  `body` longtext COLLATE utf8mb4_unicode_ci NOT NULL,
  `headers` longtext COLLATE utf8mb4_unicode_ci NOT NULL,
  `queue_name` varchar(255) COLLATE utf8mb4_unicode_ci NOT NULL,
  `created_at` datetime NOT NULL,
  `available_at` datetime NOT NULL,
  `delivered_at` datetime DEFAULT NULL,
  PRIMARY KEY (`id`),
  KEY `IDX_75EA56E016BA31DB` (`delivered_at`)
) ENGINE=InnoDB DEFAULT CHARSET=utf8mb4 COLLATE=utf8mb4_unicode_ci;



# Dump of table users
# ------------------------------------------------------------

DROP TABLE IF EXISTS `users`;

CREATE TABLE `users` (
  `id` int NOT NULL AUTO_INCREMENT,
  `username` varchar(255) COLLATE utf8mb4_unicode_ci NOT NULL,
  `date_created` datetime NOT NULL,
  `role` varchar(255) COLLATE utf8mb4_unicode_ci DEFAULT NULL,
  `name` varchar(255) COLLATE utf8mb4_unicode_ci DEFAULT NULL,
  `organization` varchar(255) COLLATE utf8mb4_unicode_ci DEFAULT NULL,
  `organization_acronym` varchar(255) COLLATE utf8mb4_unicode_ci DEFAULT NULL,
  `email` varchar(255) COLLATE utf8mb4_unicode_ci DEFAULT NULL,
  PRIMARY KEY (`id`)
) ENGINE=InnoDB AUTO_INCREMENT=2 DEFAULT CHARSET=utf8mb4 COLLATE=utf8mb4_unicode_ci;

LOCK TABLES `users` WRITE;
/*!40000 ALTER TABLE `users` DISABLE KEYS */;

INSERT INTO `users` (`id`, `username`, `date_created`, `role`, `name`, `organization`, `organization_acronym`, `email`)
VALUES
	(1,'arijal2','2022-03-16 20:03:52',NULL,'Abhi Rijal',NULL,NULL,'arijal2@huskers.unl.edu');

/*!40000 ALTER TABLE `users` ENABLE KEYS */;
UNLOCK TABLES;



/*!40111 SET SQL_NOTES=@OLD_SQL_NOTES */;
/*!40101 SET SQL_MODE=@OLD_SQL_MODE */;
/*!40014 SET FOREIGN_KEY_CHECKS=@OLD_FOREIGN_KEY_CHECKS */;
/*!40101 SET CHARACTER_SET_CLIENT=@OLD_CHARACTER_SET_CLIENT */;
/*!40101 SET CHARACTER_SET_RESULTS=@OLD_CHARACTER_SET_RESULTS */;
/*!40101 SET COLLATION_CONNECTION=@OLD_COLLATION_CONNECTION */;
